db_id	vndb_id	name	field	db_value	vndb_value	legacy
101	c4672	莉希安瑟丝	cv	あおきさやか	あおき さやか	legacy
103	c4675	时雨亚沙	cv	伊藤美紀	伊藤 美紀	legacy
103	c4675	时雨亚沙	hair_color	绿色	紫色	legacy
103	c4675	时雨亚沙	hair_color_family	green	purple	legacy
113	c1186	千堂瑛里华	cv	井上麻里奈	観村 咲子	legacy
113	c1186	千堂瑛里华	company	August	オーガスト	legacy
113	c1186	千堂瑛里华	release_year	2008	2007	legacy
116	c1594	新藤景	cv	岡田純子	桜井 美鈴	legacy
116	c1594	新藤景	work	ef - a fairy tale of the two.	悠久之翼	legacy
121	c94338	凉宫茜	cv	上原ともみ	上原 ともみ	legacy
121	c94338	凉宫茜	hair_color	橙色	绿色	legacy
121	c94338	凉宫茜	hair_color_family	orange	green	legacy
121	c94338	凉宫茜	company	âge	アージュ	legacy
140	c9952	羽山海己	cv	三橋加奈子	石川 乃奈	legacy
140	c9952	羽山海己	company	GIGA	戯画	legacy
140	c9952	羽山海己	release_year	2006	2005	legacy
147	c60021	深泽与一	cv	山本和臣	紅茶葉	legacy
147	c60021	深泽与一	hair_color	蓝色	红色	legacy
147	c60021	深泽与一	hair_color_family	blue	red	legacy
147	c60021	深泽与一	work	9-nine-九次九日九重色	9-nine-雪色雪花雪余痕	legacy
147	c60021	深泽与一	company	PALETTE	ぱれっと	legacy
147	c60021	深泽与一	release_year	2017	2020	legacy
149	c60022	成濑沙月	cv	武田華	ひな 葉月	legacy
149	c60022	成濑沙月	company	PALETTE	ぱれっと	legacy
150	c2942	仓田佐祐理	cv	川上とも子	川上 とも子	legacy
151	c2943	水濑秋子	cv	皆口裕子	皆口 裕子	legacy
155	c15852	芳野佑介	cv	緑川光	緑川 光	legacy
155	c15852	芳野佑介	work	CLANNAD	CLANNAD - 被光守望着的坡道	legacy
155	c15852	芳野佑介	release_year	2004	2008	legacy
156	c15854	柊胜平	cv	白石稔	白石 涼子	legacy
156	c15854	柊胜平	hair_color	金色	棕色	legacy
156	c15854	柊胜平	hair_color_family	blond	brown	legacy
156	c15854	柊胜平	work	CLANNAD	CLANNAD - 被光守望着的坡道	legacy
156	c15854	柊胜平	release_year	2004	2008	legacy
157	c15853	伊吹公子	cv	ゆかな	皆口 裕子	legacy
157	c15853	伊吹公子	work	CLANNAD	CLANNAD - 被光守望着的坡道	legacy
157	c15853	伊吹公子	release_year	2004	2008	legacy
159	c15863	冈崎直幸	cv	中村浩太郎	中 博史	legacy
163	c25336	椎名	cv	斎藤楓子	斎藤 楓子	legacy
163	c25336	椎名	hair_color	蓝色	红色	legacy
163	c25336	椎名	hair_color_family	blue	red	legacy
163	c25336	椎名	work	Angel Beats! (1st Beat)	Angel Beats! -1st beat-	legacy
164	c25337	高松	cv	水島大宙	水島 大宙	legacy
164	c25337	高松	work	Angel Beats! (1st Beat)	Angel Beats! -1st beat-	legacy
165	c25338	游佐	cv	牧野由依	牧野 由依	legacy
165	c25338	游佐	hair_color	金色	棕色	legacy
165	c25338	游佐	hair_color_family	blond	brown	legacy
165	c25338	游佐	work	Angel Beats! (1st Beat)	Angel Beats! -1st beat-	legacy
166	c25339	野田	cv	高木俊	髙木 俊	legacy
166	c25339	野田	work	Angel Beats! (1st Beat)	Angel Beats! -1st beat-	legacy
167	c25341	直井文人	cv	緒方恵美	緒方 恵美	legacy
167	c25341	直井文人	hair_color	绿色	红色	legacy
167	c25341	直井文人	hair_color_family	green	red	legacy
167	c25341	直井文人	work	Angel Beats! (1st Beat)	Angel Beats! -1st beat-	legacy
168	c25342	藤卷	cv	増田裕生	増田 裕生	legacy
168	c25342	藤卷	work	Angel Beats! (1st Beat)	Angel Beats! -1st beat-	legacy
169	c16285	松下护驒	cv	藤原啓治	徳本 英一郎	legacy
169	c16285	松下护驒	work	Angel Beats! (1st Beat)	Angel Beats! -1st beat-	legacy
170	c34596	音无初音	cv	花澤香菜	中原 麻衣	legacy
170	c34596	音无初音	hair_color	橙色	红色	legacy
170	c34596	音无初音	hair_color_family	orange	red	legacy
170	c34596	音无初音	hair_length	短发	未知	legacy
170	c34596	音无初音	work	Angel Beats! (1st Beat)	Angel Beats! -1st beat-	legacy
174	c68284	岬镜子	cv	若林直美	高本 めぐみ	legacy
183	c91	尼禄·卡欧斯	cv	中田譲治	未知	legacy
183	c91	尼禄·卡欧斯	work	月姬	月姫	legacy
183	c91	尼禄·卡欧斯	release_year	2000	1999	legacy
184	c6496	桐生萌郁	cv	後藤沙緒里	後藤 沙緒里	legacy
184	c6496	桐生萌郁	work	STEINS;GATE	命运石之门	legacy
187	c3816	园崎阿魉	cv	井上喜久子	尾小平 志津香	legacy
187	c3816	园崎阿魉	hair_length	长发	未知	legacy
187	c3816	园崎阿魉	work	寒蝉鸣泣之时	寒蝉鸣泣之时解	legacy
187	c3816	园崎阿魉	release_year	2002	2004	legacy
275	c5443	御堂	cv	保志総一朗	保志 総一朗	legacy
275	c5443	御堂	release_year	2011	2010	legacy
201	c269	右代宫秀吉	cv	小山力也	広瀬 正志	legacy
214	c4674	芙蓉枫	cv	後藤邑子	後藤 邑子	legacy
214	c4674	芙蓉枫	hair_color	橙色	蓝色	legacy
214	c4674	芙蓉枫	hair_color_family	orange	blue	legacy
215	c4677	枯叶	cv	伊藤美紀	日向 裕羅	legacy
216	c4678	麻弓百里香	cv	井上喜久子	井上 美紀	legacy
216	c4678	麻弓百里香	hair_color	灰色	红色	legacy
216	c4678	麻弓百里香	hair_color_family	gray	red	legacy
222	c4016	水越真子	cv	松岡由貴	松岡 由貴	legacy
222	c4016	水越真子	work	初音岛	D.C.～ダ・カーポ～	legacy
223	c4021	白河历	cv	松井菜桜子	西田 こむぎ	legacy
223	c4021	白河历	hair_color	粉色	蓝色	legacy
223	c4021	白河历	hair_color_family	pink	blue	legacy
223	c4021	白河历	work	初音岛	D.C.～ダ・カーポ～	legacy
226	c9992	雾岛圣	cv	冬馬由美	冬馬 由美	legacy
228	c9996	神尾晴子	cv	久川綾	久川 綾	legacy
229	c9997	橘敬介	cv	三木眞一郎	三木 眞一郎	legacy
230	c9998	土豆	cv	今野宏美	今野 宏美	legacy
230	c9998	土豆	hair_color	白色	黑色	legacy
230	c9998	土豆	hair_color_family	white	black	legacy
232	c21313	柳也	cv	神奈延年	神奈 延年	legacy
239	c15847	坂上鹰文	cv	未知	涼森 ちさと	legacy
239	c15847	坂上鹰文	work	CLANNAD	智代After ～It's a Wonderful Life～	legacy
239	c15847	坂上鹰文	release_year	2004	2005	legacy
241	c22633	幸村俊夫	cv	青野武	青野 武	legacy
241	c22633	幸村俊夫	work	CLANNAD	CLANNAD - 被光守望着的坡道	legacy
241	c22633	幸村俊夫	release_year	2004	2008	legacy
242	c22634	冈崎史乃	cv	麻生美代子	麻生 美代子	legacy
243	c33899	牡丹	cv	川名真知子	川名 真知子	legacy
243	c33899	牡丹	hair_color	棕色	黑色	legacy
243	c33899	牡丹	hair_color_family	brown	black	legacy
248	c149091	志麻贺津纪	cv	朴璐美	朴 璐美	legacy
252	c16639	西园美鸟	cv	荒井悠美	未知	legacy
252	c16639	西园美鸟	work	Little Busters!	リトルバスターズ！ＳＳ	legacy
252	c16639	西园美鸟	release_year	2007	2012	legacy
276	c5444	琪比摩斯	cv	鳴瀬静	鳴瀬 静	legacy
276	c5444	琪比摩斯	release_year	2011	2010	legacy
277	c6289	帕尼	cv	上田のりこ	上田 のりこ	legacy
277	c6289	帕尼	hair_color	粉色	绿色	legacy
277	c6289	帕尼	hair_color_family	pink	green	legacy
277	c6289	帕尼	release_year	2011	2010	legacy
278	c6290	志麻子	cv	渡邉佳美	渡邉 佳美	legacy
278	c6290	志麻子	release_year	2011	2010	legacy
281	c11222	吉耳	cv	若林直美	若林 直美	legacy
281	c11222	吉耳	release_year	2011	2010	legacy
282	c17426	盖纳吉·艾德阿鲁特维奇·卡瓦齐艾瓦	cv	坂巻学	坂巻 学	legacy
282	c17426	盖纳吉·艾德阿鲁特维奇·卡瓦齐艾瓦	release_year	2011	2010	legacy
284	c17428	亚斯茗	release_year	2011	2010	legacy
285	c138168	高砂	release_year	2011	2010	legacy
287	c138170	知子	release_year	2011	2010	legacy
288	c138171	路易斯	release_year	2011	2010	legacy
289	c138172	神户圭介	release_year	2011	2010	legacy
290	c138173	神户理香子	release_year	2011	2010	legacy
291	c138174	天神	release_year	2011	2010	legacy
292	c138175	天马	release_year	2011	2010	legacy
301	c151072	洲崎周一郎	release_year	2011	2010	legacy
304	c25331	渊田久子	cv	松浦チエ	松浦 チエ	legacy
304	c25331	渊田久子	work	Angel Beats! (1st Beat)	Angel Beats! -1st beat-	legacy
305	c25332	查	cv	東地宏樹	東地 宏樹	legacy
305	c25332	查	work	Angel Beats! (1st Beat)	Angel Beats! -1st beat-	legacy
306	c25333	入江美雪	cv	阿澄佳奈	阿澄 佳奈	legacy
306	c25333	入江美雪	work	Angel Beats! (1st Beat)	Angel Beats! -1st beat-	legacy
307	c25334	TK	work	Angel Beats! (1st Beat)	Angel Beats! -1st beat-	legacy
308	c25335	大山	cv	小林由美子	小林 由美子	legacy
308	c25335	大山	work	Angel Beats! (1st Beat)	Angel Beats! -1st beat-	legacy
309	c25340	关根诗织	cv	加藤英美里	加藤 英美里	legacy
309	c25340	关根诗织	hair_color	橙色	蓝色	legacy
309	c25340	关根诗织	hair_color_family	orange	blue	legacy
309	c25340	关根诗织	work	Angel Beats! (1st Beat)	Angel Beats! -1st beat-	legacy
310	c25343	竹山	cv	市来光弘	市来 光弘	legacy
310	c25343	竹山	hair_color	橙色	蓝色	legacy
310	c25343	竹山	hair_color_family	orange	blue	legacy
310	c25343	竹山	work	Angel Beats! (1st Beat)	Angel Beats! -1st beat-	legacy
312	c34594	齐藤	cv	緑川光	緑川 光	legacy
312	c34594	齐藤	work	Angel Beats! (1st Beat)	Angel Beats! -1st beat-	legacy
313	c34595	五十岚	cv	関智一	関 智一	legacy
313	c34595	五十岚	work	Angel Beats! (1st Beat)	Angel Beats! -1st beat-	legacy
314	c34670	阳菜子	cv	由宇翼	由宇 翼	legacy
314	c34670	阳菜子	work	Angel Beats! (1st Beat)	Angel Beats! -1st beat-	legacy
315	c440	废墟猎人	cv	小野大輔	小野 大輔	legacy
315	c440	废墟猎人	work	planetarian ～星之梦～	planetarian～小小的星之梦～	legacy
318	c68280	加纳天善	cv	浜田洋平	浜田 洋平	legacy
320	c68285	鸣濑小鸠	cv	白石稔	白石 稔	legacy
320	c68285	鸣濑小鸠	hair_color	白色	灰色	legacy
320	c68285	鸣濑小鸠	hair_color_family	white	gray	legacy
321	c68286	稻荷	cv	鈴木このみ	鈴木 このみ	legacy
321	c68286	稻荷	hair_color	白色	紫色	legacy
321	c68286	稻荷	hair_color_family	white	purple	legacy
321	c68286	稻荷	hair_length	未知	短发	legacy
323	c72220	久岛鹭	cv	小若和郁那	小若 和郁那	legacy
324	c72286	空门蓝	cv	高森奈津美	高森 奈津美	legacy
324	c72286	空门蓝	hair_color	紫色	蓝色	legacy
324	c72286	空门蓝	hair_color_family	purple	blue	legacy
325	c72287	七海	cv	花澤香菜	花澤 香菜	legacy
325	c72287	七海	hair_color	棕色	黑色	legacy
325	c72287	七海	hair_color_family	brown	black	legacy
334	c50	咒腕的哈桑	cv	稲田徹	稲田 徹	legacy
334	c50	咒腕的哈桑	release_year	2004	2003	legacy
335	c51	间桐脏砚	cv	津嘉山正種	津嘉山 正種	legacy
335	c51	间桐脏砚	hair_color	未知	白色	legacy
335	c51	间桐脏砚	hair_color_family	unknown	white	legacy
335	c51	间桐脏砚	hair_length	未知	短发	legacy
335	c51	间桐脏砚	release_year	2004	2003	legacy
337	c54	阿尔托莉雅·潘德拉贡〔Alter〕	cv	川澄綾子	川澄 綾子	legacy
337	c54	阿尔托莉雅·潘德拉贡〔Alter〕	release_year	2004	2003	legacy
339	c41594	萤冢音子	cv	野田順子	野田 順子	legacy
339	c41594	萤冢音子	work	Fate/stay night	Fate/hollow ataraxia	legacy
339	c41594	萤冢音子	release_year	2004	2005	legacy
342	c41605	三枝由纪香	cv	中尾衣里	中尾 衣里	legacy
342	c41605	三枝由纪香	work	Fate/stay night	Fate/hollow ataraxia	legacy
342	c41605	三枝由纪香	release_year	2004	2005	legacy
343	c41606	莳寺枫	cv	結下みちる	結下 みちる	legacy
343	c41606	莳寺枫	work	Fate/stay night	Fate/hollow ataraxia	legacy
343	c41606	莳寺枫	release_year	2004	2005	legacy
344	c41607	冰室钟	cv	中川里江	中川 里江	legacy
344	c41607	冰室钟	work	Fate/stay night	Fate/hollow ataraxia	legacy
344	c41607	冰室钟	release_year	2004	2005	legacy
347	c6173	槻司鸢丸	cv	深町寿成	深町 寿成	legacy
347	c6173	槻司鸢丸	company	TYPE-MOON	HuneX	legacy
347	c6173	槻司鸢丸	release_year	2012	2011	legacy
348	c6174	久万梨金鹿	cv	安済知佳	安済 知佳	legacy
348	c6174	久万梨金鹿	company	TYPE-MOON	HuneX	legacy
348	c6174	久万梨金鹿	release_year	2012	2011	legacy
349	c6175	木乃美芳助	cv	梶川翔平	梶川 翔平	legacy
349	c6175	木乃美芳助	hair_color	红色	棕色	legacy
349	c6175	木乃美芳助	hair_color_family	red	brown	legacy
349	c6175	木乃美芳助	company	TYPE-MOON	HuneX	legacy
349	c6175	木乃美芳助	release_year	2012	2011	legacy
350	c6176	鲁格·贝奥武夫	cv	種﨑敦美	種﨑 敦美	legacy
350	c6176	鲁格·贝奥武夫	company	TYPE-MOON	HuneX	legacy
350	c6176	鲁格·贝奥武夫	release_year	2012	2011	legacy
351	c6177	梅·莉黛尔·阿切洛特	cv	高森奈津美	高森 奈津美	legacy
351	c6177	梅·莉黛尔·阿切洛特	hair_color	橙色	蓝色	legacy
351	c6177	梅·莉黛尔·阿切洛特	hair_color_family	orange	blue	legacy
351	c6177	梅·莉黛尔·阿切洛特	company	TYPE-MOON	HuneX	legacy
351	c6177	梅·莉黛尔·阿切洛特	release_year	2012	2011	legacy
352	c6178	周濑律架	cv	伊藤静	伊藤 静	legacy
352	c6178	周濑律架	company	TYPE-MOON	HuneX	legacy
352	c6178	周濑律架	release_year	2012	2011	legacy
353	c6179	周濑唯架	cv	松井暁波	松井 暁波	legacy
353	c6179	周濑唯架	company	TYPE-MOON	HuneX	legacy
353	c6179	周濑唯架	release_year	2012	2011	legacy
354	c6181	文柄咏梨	cv	手塚ヒロミチ	手塚  ヒロミチ	legacy
354	c6181	文柄咏梨	company	TYPE-MOON	HuneX	legacy
354	c6181	文柄咏梨	release_year	2012	2011	legacy
355	c22159	山城和树	cv	日野聡	日野 聡	legacy
355	c22159	山城和树	company	TYPE-MOON	HuneX	legacy
355	c22159	山城和树	release_year	2012	2011	legacy
356	c22160	土桔由里彦	cv	飛田展男	飛田 展男	legacy
356	c22160	土桔由里彦	hair_color	白色	黑色	legacy
356	c22160	土桔由里彦	hair_color_family	white	black	legacy
356	c22160	土桔由里彦	hair_length	未知	短发	legacy
356	c22160	土桔由里彦	company	TYPE-MOON	HuneX	legacy
356	c22160	土桔由里彦	release_year	2012	2011	legacy
357	c11277	米海尔·罗亚·巴尔达庸	hair_color	灰色	红色	legacy
357	c11277	米海尔·罗亚·巴尔达庸	hair_color_family	gray	red	legacy
357	c11277	米海尔·罗亚·巴尔达庸	work	月姬	月姫	legacy
357	c11277	米海尔·罗亚·巴尔达庸	release_year	2000	1999	legacy
358	c34173	远野四季	hair_color	白色	红色	legacy
358	c34173	远野四季	hair_color_family	white	red	legacy
358	c34173	远野四季	work	月姬	月姫	legacy
358	c34173	远野四季	release_year	2000	1999	legacy
359	c39258	猫姬	cv	未知	柚木 涼香	legacy
359	c39258	猫姬	work	月姬	MELTY BLOOD	legacy
359	c39258	猫姬	company	TYPE-MOON	フランスパン	legacy
359	c39258	猫姬	release_year	2000	2002	legacy
360	c39263	七夜志贵	cv	未知	野島 健児	legacy
360	c39263	七夜志贵	work	月姬	MELTY BLOOD	legacy
360	c39263	七夜志贵	company	TYPE-MOON	フランスパン	legacy
360	c39263	七夜志贵	release_year	2000	2002	legacy
365	c97423	漆原荣辅	cv	星野充昭	星野 充昭	legacy
365	c97423	漆原荣辅	work	STEINS;GATE	命运石之门	legacy
368	c69	高畠青海	cv	海原エレナ	海原 エレナ	legacy
368	c69	高畠青海	company	Nitroplus	あそべる！ ＢＤゲーム	legacy
374	c5874	藤田浩之	work	ToHeart	To Heart	legacy
375	c5876	长冈志保	work	ToHeart	To Heart	legacy
376	c5877	玛鲁芝	work	ToHeart	To Heart	legacy
377	c5878	保科智子	work	ToHeart	To Heart	legacy
378	c5879	来栖川芹香	work	ToHeart	To Heart	legacy
379	c5880	宫内蕾咪	work	ToHeart	To Heart	legacy
380	c5881	松原葵	work	ToHeart	To Heart	legacy
381	c5882	姬川琴音	hair_color	紫色	红色	legacy
381	c5882	姬川琴音	hair_color_family	purple	red	legacy
381	c5882	姬川琴音	work	ToHeart	To Heart	legacy
382	c5883	雏山理绪	work	ToHeart	To Heart	legacy
383	c5884	来栖川绫香	cv	未知	岩男 潤子	legacy
383	c5884	来栖川绫香	company	Leaf	AQUAPLUS	legacy
383	c5884	来栖川绫香	release_year	1997	1999	legacy
384	c5885	佐藤雅史	work	ToHeart	To Heart	legacy
387	c5888	塞莉欧	hair_color	橙色	棕色	legacy
387	c5888	塞莉欧	hair_color_family	orange	brown	legacy
387	c5888	塞莉欧	work	ToHeart	To Heart	legacy
399	c15061	河野贵明	company	Leaf	AQUAPLUS	legacy
404	c15071	小牧郁乃	cv	神崎ちろ	神崎 ちろ	legacy
404	c15071	小牧郁乃	work	ToHeart2	ToHeart2 AnotherDays	legacy
404	c15071	小牧郁乃	company	Leaf	AQUAPLUS	legacy
404	c15071	小牧郁乃	release_year	2004	2008	legacy
405	c15120	柚原春夏	cv	本多知恵子	本多 知恵子	legacy
405	c15120	柚原春夏	work	ToHeart2	ToHeart2 AnotherDays	legacy
405	c15120	柚原春夏	company	Leaf	AQUAPLUS	legacy
405	c15120	柚原春夏	release_year	2004	2008	legacy
406	c15122	向坂雄二	cv	鳥海浩輔	鳥海 浩輔	legacy
406	c15122	向坂雄二	hair_color	红色	棕色	legacy
406	c15122	向坂雄二	hair_color_family	red	brown	legacy
406	c15122	向坂雄二	company	Leaf	AQUAPLUS	legacy
408	c15124	伊露法	cv	萩原えみこ	萩原 えみこ	legacy
408	c15124	伊露法	company	Leaf	AQUAPLUS	legacy
410	c15131	吉冈千绘	cv	太田佳織	太田 佳織	legacy
410	c15131	吉冈千绘	hair_color	青色	蓝色	legacy
410	c15131	吉冈千绘	hair_color_family	cyan	blue	legacy
410	c15131	吉冈千绘	work	ToHeart2	ToHeart2 AnotherDays	legacy
410	c15131	吉冈千绘	company	Leaf	AQUAPLUS	legacy
410	c15131	吉冈千绘	release_year	2004	2008	legacy
411	c15132	山田满	cv	笠原あきら	笠原 あきら	legacy
411	c15132	山田满	work	ToHeart2	ToHeart2 AnotherDays	legacy
411	c15132	山田满	company	Leaf	AQUAPLUS	legacy
411	c15132	山田满	release_year	2004	2008	legacy
412	c15133	菜菜子	cv	阪田佳代	阪田 佳代	legacy
412	c15133	菜菜子	hair_color	粉色	紫色	legacy
412	c15133	菜菜子	hair_color_family	pink	purple	legacy
412	c15133	菜菜子	work	ToHeart2	ToHeart2 AnotherDays	legacy
412	c15133	菜菜子	company	Leaf	AQUAPLUS	legacy
412	c15133	菜菜子	release_year	2004	2008	legacy
415	c15137	江泽香澄	cv	安田未央	安田 未央	legacy
415	c15137	江泽香澄	company	Leaf	AQUAPLUS	legacy
418	c416	睦美	cv	釘宮理恵	釘宮 理恵	legacy
418	c416	睦美	hair_color	灰色	红色	legacy
418	c416	睦美	hair_color_family	gray	red	legacy
418	c416	睦美	company	Leaf	AQUAPLUS	legacy
419	c417	大神解放者	company	Leaf	AQUAPLUS	legacy
420	c8382	铁奥罗	cv	石川ひろあき	石川 ひろあき	legacy
420	c8382	铁奥罗	company	Leaf	AQUAPLUS	legacy
421	c8383	索波克	cv	雪野五月	雪野 五月	legacy
421	c8383	索波克	company	Leaf	AQUAPLUS	legacy
422	c8385	多利	cv	渡辺明乃	渡辺 明乃	legacy
422	c8385	多利	company	Leaf	AQUAPLUS	legacy
423	c8386	古拉	cv	渡辺明乃	渡辺 明乃	legacy
423	c8386	古拉	company	Leaf	AQUAPLUS	legacy
426	c8389	切奇纳罗	cv	太田哲治	太田 哲治	legacy
426	c8389	切奇纳罗	company	Leaf	AQUAPLUS	legacy
427	c8390	努万基	cv	吉野裕行	吉野 裕行	legacy
427	c8390	努万基	hair_color	灰色	蓝色	legacy
427	c8390	努万基	hair_color_family	gray	blue	legacy
427	c8390	努万基	company	Leaf	AQUAPLUS	legacy
428	c8391	萨桑迪	cv	大川透	大川 透	legacy
428	c8391	萨桑迪	company	Leaf	AQUAPLUS	legacy
429	c8392	殷卡拉	cv	大川透	大川 透	legacy
429	c8392	殷卡拉	company	Leaf	AQUAPLUS	legacy
430	c8393	蒙特	cv	白熊寛嗣	白熊 寛嗣	legacy
430	c8393	蒙特	hair_color	灰色	蓝色	legacy
430	c8393	蒙特	hair_color_family	gray	blue	legacy
430	c8393	蒙特	company	Leaf	AQUAPLUS	legacy
431	c8394	沃贝	cv	大木民夫	大木 民夫	legacy
431	c8394	沃贝	hair_color	白色	蓝色	legacy
431	c8394	沃贝	hair_color_family	white	blue	legacy
431	c8394	沃贝	company	Leaf	AQUAPLUS	legacy
432	c8398	尼维尔	cv	秋元羊介	秋元 羊介	legacy
432	c8398	尼维尔	hair_color	灰色	棕色	legacy
432	c8398	尼维尔	hair_color_family	gray	brown	legacy
432	c8398	尼维尔	company	Leaf	AQUAPLUS	legacy
433	c8399	库娅	cv	富坂晶	富坂 晶	legacy
433	c8399	库娅	company	Leaf	AQUAPLUS	legacy
434	c8400	纱雅	cv	水橋かおり	水橋 かおり	legacy
434	c8400	纱雅	company	Leaf	AQUAPLUS	legacy
435	c8401	源次丸	cv	飯塚昭三	飯塚 昭三	legacy
435	c8401	源次丸	hair_color	灰色	棕色	legacy
435	c8401	源次丸	hair_color_family	gray	brown	legacy
435	c8401	源次丸	company	Leaf	AQUAPLUS	legacy
436	c8402	哈维恩库亚	cv	渡辺明乃	渡辺 明乃	legacy
436	c8402	哈维恩库亚	hair_color	蓝色	红色	legacy
436	c8402	哈维恩库亚	hair_color_family	blue	red	legacy
436	c8402	哈维恩库亚	company	Leaf	AQUAPLUS	legacy
437	c8403	飞燕	cv	野島裕史	野島 裕史	legacy
437	c8403	飞燕	company	Leaf	AQUAPLUS	legacy
438	c8404	奥利卡坎	company	Leaf	AQUAPLUS	legacy
439	c8405	迪利霍莱	cv	加藤将之	加藤 将之	legacy
439	c8405	迪利霍莱	company	Leaf	AQUAPLUS	legacy
440	c8406	斯欧卡斯	cv	近藤孝行	近藤 孝行	legacy
440	c8406	斯欧卡斯	company	Leaf	AQUAPLUS	legacy
441	c8407	波纳霍伊	cv	近藤孝行	近藤 孝行	legacy
441	c8407	波纳霍伊	company	Leaf	AQUAPLUS	legacy
442	c8408	坎赫鲁达利	cv	最上嗣生	最上 嗣生	legacy
442	c8408	坎赫鲁达利	company	Leaf	AQUAPLUS	legacy
443	c8409	德伊	cv	池田秀一	池田 秀一	legacy
443	c8409	德伊	hair_color	白色	红色	legacy
443	c8409	德伊	hair_color_family	white	red	legacy
443	c8409	德伊	company	Leaf	AQUAPLUS	legacy
444	c8410	命	cv	柚木涼香	柚木 涼香	legacy
444	c8410	命	hair_color	绿色	棕色	legacy
444	c8410	命	hair_color_family	green	brown	legacy
444	c8410	命	company	Leaf	AQUAPLUS	legacy
447	c8413	穆库鲁	cv	下山吉光	下山 吉光	legacy
447	c8413	穆库鲁	company	Leaf	AQUAPLUS	legacy
448	c45904	芙米露露	cv	未知	儀武 ゆう子	legacy
448	c45904	芙米露露	work	传颂之物	传颂之物3：二人的白皇	legacy
448	c45904	芙米露露	company	Leaf	AQUAPLUS	legacy
448	c45904	芙米露露	release_year	2002	2016	legacy
449	c88333	卡姆查塔尔	cv	田口宏子	田口 宏子	legacy
449	c88333	卡姆查塔尔	company	Leaf	AQUAPLUS	legacy
450	c37793	奥修托尔	cv	利根健太朗	利根 健太朗	legacy
450	c37793	奥修托尔	company	Aquaplus	AQUAPLUS	legacy
451	c37794	右近	cv	利根健太朗	利根 健太朗	legacy
451	c37794	右近	company	Aquaplus	AQUAPLUS	legacy
452	c37795	麻吕吕	cv	杉山大	杉山 大	legacy
452	c37795	麻吕吕	work	传颂之物 虚伪的假面	传颂之物3：二人的白皇	legacy
452	c37795	麻吕吕	company	Aquaplus	AQUAPLUS	legacy
452	c37795	麻吕吕	release_year	2015	2016	legacy
453	c37796	𫛭	cv	山本希望	山本 希望	legacy
453	c37796	𫛭	company	Aquaplus	AQUAPLUS	legacy
454	c37797	扇	cv	櫻井孝宏	櫻井 孝宏	legacy
454	c37797	扇	company	Aquaplus	AQUAPLUS	legacy
455	c37798	亚库托瓦尔特	cv	江口拓也	江口 拓也	legacy
455	c37798	亚库托瓦尔特	hair_color	青色	紫色	legacy
455	c37798	亚库托瓦尔特	hair_color_family	cyan	purple	legacy
455	c37798	亚库托瓦尔特	company	Aquaplus	AQUAPLUS	legacy
456	c37799	诗诺农	cv	久野美咲	久野 美咲	legacy
456	c37799	诗诺农	company	Aquaplus	AQUAPLUS	legacy
457	c37801	御雷	cv	内田夕夜	内田 夕夜	legacy
457	c37801	御雷	work	传颂之物 虚伪的假面	传颂之物3：二人的白皇	legacy
457	c37801	御雷	company	Aquaplus	AQUAPLUS	legacy
457	c37801	御雷	release_year	2015	2016	legacy
458	c37802	雷光	cv	置鮎龍太郎	置鮎 龍太郎	legacy
458	c37802	雷光	work	传颂之物 虚伪的假面	传颂之物3：二人的白皇	legacy
458	c37802	雷光	company	Aquaplus	AQUAPLUS	legacy
458	c37802	雷光	release_year	2015	2016	legacy
459	c37804	裘鲁	cv	村瀬歩	村瀬 歩	legacy
459	c37804	裘鲁	company	Aquaplus	AQUAPLUS	legacy
460	c37805	安洁	cv	赤﨑千夏	赤﨑 千夏	legacy
460	c37805	安洁	work	传颂之物 虚伪的假面	传颂之物3：二人的白皇	legacy
460	c37805	安洁	company	Aquaplus	AQUAPLUS	legacy
460	c37805	安洁	release_year	2015	2016	legacy
461	c37806	宗近	cv	早見沙織	早見 沙織	legacy
461	c37806	宗近	work	传颂之物 虚伪的假面	传颂之物3：二人的白皇	legacy
461	c37806	宗近	company	Aquaplus	AQUAPLUS	legacy
461	c37806	宗近	release_year	2015	2016	legacy
463	c39106	萨拉娜	cv	佐倉綾音	佐倉 綾音	legacy
463	c39106	萨拉娜	hair_color	白色	棕色	legacy
463	c39106	萨拉娜	hair_color_family	white	brown	legacy
463	c39106	萨拉娜	company	Aquaplus	AQUAPLUS	legacy
464	c49653	欧西斯	cv	菊池幸利	菊池 幸利	legacy
464	c49653	欧西斯	hair_color	绿色	棕色	legacy
464	c49653	欧西斯	hair_color_family	green	brown	legacy
464	c49653	欧西斯	work	传颂之物 虚伪的假面	传颂之物3：二人的白皇	legacy
464	c49653	欧西斯	company	Aquaplus	AQUAPLUS	legacy
464	c49653	欧西斯	release_year	2015	2016	legacy
465	c52570	沃金	cv	未知	佐々木義人	legacy
465	c52570	沃金	work	传颂之物 虚伪的假面	传颂之物3：二人的白皇	legacy
465	c52570	沃金	company	Aquaplus	AQUAPLUS	legacy
465	c52570	沃金	release_year	2015	2016	legacy
466	c52604	七理夜	cv	三宅麻理恵	三宅 麻理恵	legacy
466	c52604	七理夜	company	Aquaplus	AQUAPLUS	legacy
467	c52605	迪科嘭嘭	cv	大川透	大川 透	legacy
467	c52605	迪科嘭嘭	company	Aquaplus	AQUAPLUS	legacy
468	c52606	索杨克库尔	cv	最上嗣生	最上 嗣生	legacy
468	c52606	索杨克库尔	work	传颂之物 虚伪的假面	传颂之物3：二人的白皇	legacy
468	c52606	索杨克库尔	company	Aquaplus	AQUAPLUS	legacy
468	c52606	索杨克库尔	release_year	2015	2016	legacy
469	c52607	莫兹努	cv	拝真之介	拝 真之介	legacy
469	c52607	莫兹努	company	Aquaplus	AQUAPLUS	legacy
470	c52615	衮多努阿	cv	小松史法	小松 史法	legacy
470	c52615	衮多努阿	company	Aquaplus	AQUAPLUS	legacy
471	c52685	武赖	cv	乃村健次	乃村 健次	legacy
471	c52685	武赖	company	Aquaplus	AQUAPLUS	legacy
472	c52690	恩托娃	cv	米澤円	米澤 円	legacy
472	c52690	恩托娃	hair_color	紫色	棕色	legacy
472	c52690	恩托娃	hair_color_family	purple	brown	legacy
472	c52690	恩托娃	company	Aquaplus	AQUAPLUS	legacy
474	c91775	帝	company	Aquaplus	AQUAPLUS	legacy
475	c15113	柳原朋	cv	柏木美優	柏木 美優	legacy
475	c15113	柳原朋	work	WHITE ALBUM 2	白色相簿2	legacy
475	c15113	柳原朋	company	Leaf	AQUAPLUS	legacy
476	c15114	矢田美穗子	cv	澄田まりや	澄田 まりや	legacy
476	c15114	矢田美穗子	work	WHITE ALBUM 2	白色相簿2	legacy
476	c15114	矢田美穗子	company	Leaf	AQUAPLUS	legacy
480	c15118	园田亚子	cv	伊東久美子	伊東 久美子	legacy
480	c15118	园田亚子	work	WHITE ALBUM 2	白色相簿2	legacy
480	c15118	园田亚子	company	Leaf	AQUAPLUS	legacy
481	c71191	早坂亲志	cv	杉山紀彰	杉山 紀彰	legacy
481	c71191	早坂亲志	work	WHITE ALBUM 2	白色相簿2	legacy
481	c71191	早坂亲志	company	Leaf	AQUAPLUS	legacy
482	c71192	小木曾晋	cv	最上嗣生	最上 嗣生	legacy
482	c71192	小木曾晋	work	WHITE ALBUM 2	白色相簿2	legacy
482	c71192	小木曾晋	company	Leaf	AQUAPLUS	legacy
483	c71193	小木曾秋菜	cv	小野涼子	小野 涼子	legacy
483	c71193	小木曾秋菜	work	WHITE ALBUM 2	白色相簿2	legacy
483	c71193	小木曾秋菜	company	Leaf	AQUAPLUS	legacy
484	c71194	小木曽孝宏	cv	梶裕貴	梶 裕貴	legacy
484	c71194	小木曽孝宏	work	WHITE ALBUM 2	白色相簿2	legacy
484	c71194	小木曽孝宏	company	Leaf	AQUAPLUS	legacy
485	c71195	冬马曜子	cv	夏樹リオ	夏樹 リオ	legacy
485	c71195	冬马曜子	work	WHITE ALBUM 2	白色相簿2	legacy
485	c71195	冬马曜子	company	Leaf	AQUAPLUS	legacy
500	c58528	河岛遥	cv	升望	升 望	legacy
500	c58528	河岛遥	work	WHITE ALBUM	白色相簿	legacy
500	c58528	河岛遥	company	Leaf	AQUAPLUS	legacy
501	c58529	泽仓美咲	cv	高本めぐみ	高本 めぐみ	legacy
501	c58529	泽仓美咲	work	WHITE ALBUM	白色相簿	legacy
501	c58529	泽仓美咲	company	Leaf	AQUAPLUS	legacy
502	c58530	观月真名	cv	戸松遥	戸松 遥	legacy
502	c58530	观月真名	work	WHITE ALBUM	白色相簿	legacy
502	c58530	观月真名	company	Leaf	AQUAPLUS	legacy
503	c58533	筱冢弥生	cv	朴璐美	朴 璐美	legacy
503	c58533	筱冢弥生	work	WHITE ALBUM	白色相簿	legacy
503	c58533	筱冢弥生	company	Leaf	AQUAPLUS	legacy
504	c58534	如月小夜子	cv	佐藤利奈	佐藤 利奈	legacy
504	c58534	如月小夜子	work	WHITE ALBUM	白色相簿	legacy
504	c58534	如月小夜子	company	Leaf	AQUAPLUS	legacy
505	c58536	七濑彰	cv	小野涼子	小野 涼子	legacy
505	c58536	七濑彰	work	WHITE ALBUM	白色相簿	legacy
505	c58536	七濑彰	company	Leaf	AQUAPLUS	legacy
506	c58537	绪方英二	cv	速水奨	速水 奨	legacy
506	c58537	绪方英二	work	WHITE ALBUM	白色相簿	legacy
506	c58537	绪方英二	company	Leaf	AQUAPLUS	legacy
507	c86683	藤井冬弥	work	WHITE ALBUM	白色相簿	legacy
507	c86683	藤井冬弥	company	Leaf	AQUAPLUS	legacy
527	c110449	奈莉奈	cv	永見はるか	永見 はるか	legacy
531	c4022	歌丸	cv	春野日和	佐々 留美子	legacy
531	c4022	歌丸	work	初音岛	D.C.～ダ・カーポ～	legacy
532	c4023	胡之宫环	cv	澤村弓子	澤村 弓子	legacy
532	c4023	胡之宫环	work	初音岛	D.C.～ダ・カーポ～	legacy
535	c4028	雾羽香澄	cv	かかずゆみ	神月 あおい	legacy
535	c4028	雾羽香澄	work	初音岛	D.C.～ダ・カーポ～	legacy
552	c5962	高坂真由纪	cv	三咲里奈	三咲 里奈	legacy
552	c5962	高坂真由纪	work	初音岛II	D.C.II ～ダ・カーポII～	legacy
557	c5971	小日向柚子	cv	下田麻美	下田 麻美	legacy
557	c5971	小日向柚子	work	初音岛II	D.C.II ～ダ・カーポII～	legacy
562	c5993	水越舞佳	cv	柚木あずさ	柚木 あずさ	legacy
562	c5993	水越舞佳	hair_color	青色	绿色	legacy
562	c5993	水越舞佳	hair_color_family	cyan	green	legacy
562	c5993	水越舞佳	work	初音岛II	D.C.II ～ダ・カーポII～	legacy
570	c78016	哈利马奥	work	初音岛II	D.C.II ～ダ・カーポII～	legacy
571	c1355	朝雾达哉	work	夜明前的琉璃色	更胜黎明前的琉璃色	legacy
571	c1355	朝雾达哉	company	August	オーガスト	legacy
573	c1358	鹰见泽菜月	work	夜明前的琉璃色	更胜黎明前的琉璃色	legacy
573	c1358	鹰见泽菜月	company	August	オーガスト	legacy
574	c1359	米亚·克莱门蒂斯	cv	野々瀬ミオ	成瀬 未亜	legacy
574	c1359	米亚·克莱门蒂斯	work	夜明前的琉璃色	更胜黎明前的琉璃色	legacy
574	c1359	米亚·克莱门蒂斯	company	August	オーガスト	legacy
575	c1360	卡莲·克拉维斯	cv	浅川悠	浅川 悠	legacy
575	c1360	卡莲·克拉维斯	work	夜明前的琉璃色	更胜黎明前的琉璃色	legacy
575	c1360	卡莲·克拉维斯	company	August	オーガスト	legacy
578	c1369	远山翠	cv	高野直子	高野 直子	legacy
578	c1369	远山翠	hair_color	绿色	棕色	legacy
578	c1369	远山翠	hair_color_family	green	brown	legacy
578	c1369	远山翠	work	夜明前的琉璃色	更胜黎明前的琉璃色	legacy
578	c1369	远山翠	company	August	オーガスト	legacy
579	c1370	鹰见泽仁	cv	小西克幸	小西 克幸	legacy
579	c1370	鹰见泽仁	work	夜明前的琉璃色	更胜黎明前的琉璃色	legacy
579	c1370	鹰见泽仁	company	August	オーガスト	legacy
581	c1372	鹰见泽左门	cv	秋元羊介	秋元 羊介	legacy
581	c1372	鹰见泽左门	work	夜明前的琉璃色	更胜黎明前的琉璃色	legacy
581	c1372	鹰见泽左门	company	August	オーガスト	legacy
585	c1185	支仓孝平	company	August	オーガスト	legacy
585	c1185	支仓孝平	release_year	2008	2007	legacy
586	c1187	悠木奏	cv	雛見風香	雛見 風香	legacy
586	c1187	悠木奏	hair_color	金色	黑色	legacy
586	c1187	悠木奏	hair_color_family	blond	black	legacy
586	c1187	悠木奏	company	August	オーガスト	legacy
586	c1187	悠木奏	release_year	2008	2007	legacy
587	c1188	悠木阳菜	cv	鷹月さくら	鷹月 さくら	legacy
587	c1188	悠木阳菜	company	August	オーガスト	legacy
587	c1188	悠木阳菜	release_year	2008	2007	legacy
588	c1189	东仪白	cv	姫川あいり	姫川 あいり	legacy
588	c1189	东仪白	company	August	オーガスト	legacy
588	c1189	东仪白	release_year	2008	2007	legacy
589	c1190	红濑桐叶	cv	楠鈴音	楠 鈴音	legacy
589	c1190	红濑桐叶	company	August	オーガスト	legacy
589	c1190	红濑桐叶	release_year	2008	2007	legacy
590	c1198	千堂伊织	company	August	オーガスト	legacy
590	c1198	千堂伊织	release_year	2008	2007	legacy
591	c1199	东仪征一郎	cv	鷹取玲	鷹取 玲	legacy
591	c1199	东仪征一郎	company	August	オーガスト	legacy
591	c1199	东仪征一郎	release_year	2008	2007	legacy
592	c1200	八幡平司	cv	胚京太郎	胚 京太郎	legacy
592	c1200	八幡平司	hair_color	灰色	棕色	legacy
592	c1200	八幡平司	hair_color_family	gray	brown	legacy
592	c1200	八幡平司	company	August	オーガスト	legacy
592	c1200	八幡平司	release_year	2008	2007	legacy
593	c1201	千堂伽耶	cv	美芹桜花	美芹 桜花	legacy
593	c1201	千堂伽耶	company	August	オーガスト	legacy
593	c1201	千堂伽耶	release_year	2008	2007	legacy
594	c1202	天池志津子	cv	岬友美	岬 友美	legacy
594	c1202	天池志津子	hair_color	紫色	蓝色	legacy
594	c1202	天池志津子	hair_color_family	purple	blue	legacy
594	c1202	天池志津子	company	August	オーガスト	legacy
594	c1202	天池志津子	release_year	2008	2007	legacy
595	c1203	青砥正则	cv	一条和矢	一条 和矢	legacy
595	c1203	青砥正则	company	August	オーガスト	legacy
595	c1203	青砥正则	release_year	2008	2007	legacy
596	c1204	美术部部长	cv	水霧けいと	水霧 けいと	legacy
596	c1204	美术部部长	company	August	オーガスト	legacy
596	c1204	美术部部长	release_year	2008	2007	legacy
602	c539	吉克弗里德·古拉德	cv	四季路	四季 路	legacy
602	c539	吉克弗里德·古拉德	company	August	オーガスト	legacy
602	c539	吉克弗里德·古拉德	release_year	2011	2010	legacy
604	c541	鲁基乌斯·迪斯·米雷由	cv	沖野靖広	沖野 靖広	legacy
604	c541	鲁基乌斯·迪斯·米雷由	company	August	オーガスト	legacy
604	c541	鲁基乌斯·迪斯·米雷由	release_year	2011	2010	legacy
605	c542	拉维丽娅	cv	桐谷華	桐谷 華	legacy
605	c542	拉维丽娅	company	August	オーガスト	legacy
605	c542	拉维丽娅	release_year	2011	2010	legacy
606	c543	库罗蒂雅	company	August	オーガスト	legacy
606	c543	库罗蒂雅	release_year	2011	2010	legacy
607	c544	莉莎	cv	波奈束風景	波奈束 風景	legacy
607	c544	莉莎	hair_color	粉色	灰色	legacy
607	c544	莉莎	hair_color_family	pink	gray	legacy
607	c544	莉莎	company	August	オーガスト	legacy
607	c544	莉莎	release_year	2011	2010	legacy
608	c545	阿伊莉斯	cv	雪都さお梨	雪都 さお梨	legacy
608	c545	阿伊莉斯	company	August	オーガスト	legacy
608	c545	阿伊莉斯	release_year	2011	2010	legacy
609	c546	兰格	cv	杉崎和哉	杉崎 和哉	legacy
609	c546	兰格	company	August	オーガスト	legacy
609	c546	兰格	release_year	2011	2010	legacy
610	c547	吉尔巴鲁特	cv	長浜壱番	長浜 壱番	legacy
610	c547	吉尔巴鲁特	company	August	オーガスト	legacy
610	c547	吉尔巴鲁特	release_year	2011	2010	legacy
611	c548	瓦利亚斯·梅斯纳	cv	一条和矢	一条 和矢	legacy
611	c548	瓦利亚斯·梅斯纳	company	August	オーガスト	legacy
611	c548	瓦利亚斯·梅斯纳	release_year	2011	2010	legacy
612	c549	西斯狄娜·艾尔	cv	藍きっか	藍 きっか	legacy
612	c549	西斯狄娜·艾尔	hair_color	白色	红色	legacy
612	c549	西斯狄娜·艾尔	hair_color_family	white	red	legacy
612	c549	西斯狄娜·艾尔	company	August	オーガスト	legacy
612	c549	西斯狄娜·艾尔	release_year	2011	2010	legacy
613	c550	纳达尔	company	August	オーガスト	legacy
613	c550	纳达尔	release_year	2011	2010	legacy
614	c43511	戈尔	cv	海原エレナ	海原 エレナ	legacy
614	c43511	戈尔	company	August	オーガスト	legacy
614	c43511	戈尔	release_year	2011	2010	legacy
616	c133898	奥兹	cv	上別府仁資	上別府 仁資	legacy
616	c133898	奥兹	company	August	オーガスト	legacy
616	c133898	奥兹	release_year	2011	2010	legacy
617	c1585	麻生莲治	cv	伊香川椎音	伊香川 椎音	legacy
617	c1585	麻生莲治	work	ef - a fairy tale of the two.	悠久之翼	legacy
620	c1595	堤京介	cv	城樹翔	城樹 翔	legacy
620	c1595	堤京介	work	ef - a fairy tale of the two.	悠久之翼	legacy
621	c8625	久濑修一	cv	安芸怜須ケン	安芸怜須 ケン	legacy
621	c8625	久濑修一	work	ef - a fairy tale of the two.	悠久之翼	legacy
625	c59814	雨宫明良	cv	上州トム	上州 トム	legacy
625	c59814	雨宫明良	work	ef - a fairy tale of the two.	悠久之翼	legacy
626	c59818	麻生堇	cv	山田奈穂	山田 奈穂	legacy
626	c59818	麻生堇	hair_color	绿色	蓝色	legacy
626	c59818	麻生堇	hair_color_family	green	blue	legacy
626	c59818	麻生堇	work	ef - a fairy tale of the two.	悠久之翼	legacy
627	c59819	羽山水姬	cv	未知	森谷 実園	legacy
627	c59819	羽山水姬	work	ef - a fairy tale of the two.	天使的星期日	legacy
627	c59819	羽山水姬	release_year	2006	2010	legacy
630	c113	香月夕呼	cv	稲葉貴子	本井 えみ	legacy
630	c113	香月夕呼	hair_color	紫色	红色	legacy
630	c113	香月夕呼	hair_color_family	purple	red	legacy
630	c113	香月夕呼	work	Muv-Luv	君が望む真愛	legacy
630	c113	香月夕呼	company	âge	アージュ	legacy
630	c113	香月夕呼	release_year	2003	2017	legacy
634	c134	铠衣尊人	cv	野中真澄	野中 真澄	legacy
634	c134	铠衣尊人	hair_color	蓝色	棕色	legacy
634	c134	铠衣尊人	hair_color_family	blue	brown	legacy
634	c134	铠衣尊人	company	âge	アージュ	legacy
634	c134	铠衣尊人	release_year	2003	2002	legacy
635	c135	铠衣美琴	cv	野中真澄	野中 真澄	legacy
635	c135	铠衣美琴	hair_color	蓝色	棕色	legacy
635	c135	铠衣美琴	hair_color_family	blue	brown	legacy
635	c135	铠衣美琴	company	âge	アージュ	legacy
635	c135	铠衣美琴	release_year	2003	2002	legacy
636	c137	戎美凪	cv	まつもとちあき	まつもと ちあき	legacy
636	c137	戎美凪	company	âge	アージュ	legacy
636	c137	戎美凪	release_year	2003	2002	legacy
637	c138	神代巽	cv	海原エレナ	海原 エレナ	legacy
637	c138	神代巽	company	âge	アージュ	legacy
637	c138	神代巽	release_year	2003	2002	legacy
639	c143	伊莉娜·皮亚缇芙	cv	高野直子	高野 直子	legacy
639	c143	伊莉娜·皮亚缇芙	company	âge	アージュ	legacy
639	c143	伊莉娜·皮亚缇芙	release_year	2003	2002	legacy
642	c168	鲍尔·拉达比诺德	cv	若本規夫	若本 規夫	legacy
642	c168	鲍尔·拉达比诺德	hair_color	灰色	红色	legacy
642	c168	鲍尔·拉达比诺德	hair_color_family	gray	red	legacy
642	c168	鲍尔·拉达比诺德	company	âge	アージュ	legacy
642	c168	鲍尔·拉达比诺德	release_year	2003	2002	legacy
643	c172	柏木晴子	cv	神崎めぐみ	夏野 巳琴	legacy
643	c172	柏木晴子	work	Muv-Luv	マブラヴ ALTERED FABLE	legacy
643	c172	柏木晴子	company	âge	アージュ	legacy
643	c172	柏木晴子	release_year	2003	2007	legacy
644	c173	珠濑玄丞斋	cv	番菜判斗	番菜 判斗	legacy
644	c173	珠濑玄丞斋	hair_color	灰色	棕色	legacy
644	c173	珠濑玄丞斋	hair_color_family	gray	brown	legacy
644	c173	珠濑玄丞斋	company	âge	アージュ	legacy
644	c173	珠濑玄丞斋	release_year	2003	2002	legacy
646	c179	沙雾尚哉	cv	十文字隼人	十文字 隼人	legacy
646	c179	沙雾尚哉	company	âge	アージュ	legacy
646	c179	沙雾尚哉	release_year	2003	2002	legacy
648	c37395	星乃文绪	cv	北都南	北都 南	legacy
648	c37395	星乃文绪	work	Muv-Luv	君が望む永遠 ～special FanDisk～	legacy
648	c37395	星乃文绪	company	âge	アージュ	legacy
648	c37395	星乃文绪	release_year	2003	2004	legacy
664	c121	阿尔弗雷德·沃肯	cv	前島貴志	前島 貴志	legacy
664	c121	阿尔弗雷德·沃肯	work	Muv-Luv Alternative	マブラヴ アンリミテッド ザ・デイアフター	legacy
664	c121	阿尔弗雷德·沃肯	company	âge	アージュ	legacy
664	c121	阿尔弗雷德·沃肯	release_year	2006	2010	legacy
665	c136	穗村爱美	cv	雨宮麻紀	雨宮 麻紀	legacy
665	c136	穗村爱美	work	Muv-Luv Alternative	マブラヴ　オルタネイティヴ	legacy
665	c136	穗村爱美	company	âge	アージュ	legacy
666	c154	伊露玛·塔斯雷夫	cv	大友清里	大友 清里	legacy
666	c154	伊露玛·塔斯雷夫	work	Muv-Luv Alternative	マブラヴ　オルタネイティヴ	legacy
666	c154	伊露玛·塔斯雷夫	company	âge	アージュ	legacy
667	c158	凉宫遥	cv	栗林みな実	栗林 みな実	legacy
667	c158	凉宫遥	hair_color	粉色	绿色	legacy
667	c158	凉宫遥	hair_color_family	pink	green	legacy
667	c158	凉宫遥	work	Muv-Luv Alternative	マブラヴ　オルタネイティヴ	legacy
667	c158	凉宫遥	company	âge	アージュ	legacy
668	c160	伊隅美知留	cv	湯川みゆき	湯川 みゆき	legacy
668	c160	伊隅美知留	work	Muv-Luv Alternative	マブラヴ オルタネイティヴ クロニクルズ 告白	legacy
668	c160	伊隅美知留	company	âge	アージュ	legacy
668	c160	伊隅美知留	release_year	2006	2011	legacy
671	c174	铠衣左近	cv	福武一之	沢木 郁也	legacy
671	c174	铠衣左近	work	Muv-Luv Alternative	マブラヴ オルタネイティヴ クロニクルズ 再誕	legacy
671	c174	铠衣左近	company	âge	アージュ	legacy
671	c174	铠衣左近	release_year	2006	2012	legacy
681	c37392	鸣海孝之	company	âge	アージュ	legacy
682	c37393	平慎二	cv	安藤正輝	安藤 正輝	legacy
682	c37393	平慎二	work	你所期望的永远	君が望む永遠 ～special FanDisk～	legacy
682	c37393	平慎二	company	âge	アージュ	legacy
682	c37393	平慎二	release_year	2001	2004	legacy
683	c37394	天川萤	cv	窪田聡子	窪田 聡子	legacy
683	c37394	天川萤	work	你所期望的永远	君が望む永遠 ～special FanDisk～	legacy
683	c37394	天川萤	company	âge	アージュ	legacy
683	c37394	天川萤	release_year	2001	2004	legacy
684	c37396	玉野真由	cv	吉田恭子	吉田 恭子	legacy
684	c37396	玉野真由	work	你所期望的永远	君が望む永遠 ～special FanDisk～	legacy
684	c37396	玉野真由	company	âge	アージュ	legacy
684	c37396	玉野真由	release_year	2001	2004	legacy
685	c37397	大空寺亚由	cv	大友清里	大友 清里	legacy
685	c37397	大空寺亚由	work	你所期望的永远	君が望む永遠 ～special FanDisk～	legacy
685	c37397	大空寺亚由	company	âge	アージュ	legacy
685	c37397	大空寺亚由	release_year	2001	2004	legacy
687	c94337	伊隅弥生	company	âge	アージュ	legacy
690	c94343	凉宫宗一郎	company	âge	アージュ	legacy
691	c94344	崎山健三	cv	岡島雅夫	岡島 雅夫	legacy
691	c94344	崎山健三	company	âge	アージュ	legacy
693	c94346	香月素子	cv	小林まりこ	未知	legacy
693	c94346	香月素子	hair_color	紫色	红色	legacy
693	c94346	香月素子	hair_color_family	purple	red	legacy
693	c94346	香月素子	work	你所期望的永远	君が望む永遠 ～special FanDisk～	legacy
693	c94346	香月素子	company	âge	アージュ	legacy
693	c94346	香月素子	release_year	2001	2004	legacy
695	c94349	速濑勋	company	âge	アージュ	legacy
704	c582	琪娅拉·法瑞尔	cv	桜城ちか	桜城 ちか	legacy
704	c582	琪娅拉·法瑞尔	hair_color	白色	蓝色	legacy
704	c582	琪娅拉·法瑞尔	hair_color_family	white	blue	legacy
704	c582	琪娅拉·法瑞尔	work	灰色的果实	灰色的果实 -LE FRUIT DE LA GRISAIA-	legacy
704	c582	琪娅拉·法瑞尔	release_year	2011	2010	legacy
705	c583	榊道昭	work	灰色的果实	灰色的果实 -LE FRUIT DE LA GRISAIA-	legacy
705	c583	榊道昭	release_year	2011	2010	legacy
706	c584	榊美佐子	work	灰色的果实	灰色的果实 -LE FRUIT DE LA GRISAIA-	legacy
706	c584	榊美佐子	release_year	2011	2010	legacy
709	c588	坂下千秋	work	灰色的果实	灰色的果实 -LE FRUIT DE LA GRISAIA-	legacy
709	c588	坂下千秋	release_year	2011	2010	legacy
710	c589	小出葎	cv	野々村紗夜	野々村 紗夜	legacy
710	c589	小出葎	work	灰色的果实	灰色的果实 -LE FRUIT DE LA GRISAIA-	legacy
710	c589	小出葎	release_year	2011	2010	legacy
711	c590	佐久间实乃梨	cv	葉市憂	葉市 憂	legacy
711	c590	佐久间实乃梨	work	灰色的果实	灰色的果实 -LE FRUIT DE LA GRISAIA-	legacy
711	c590	佐久间实乃梨	release_year	2011	2010	legacy
712	c591	伊吹春菜	cv	桜城ちか	桜城 ちか	legacy
712	c591	伊吹春菜	work	灰色的果实	灰色的果实 -LE FRUIT DE LA GRISAIA-	legacy
712	c591	伊吹春菜	release_year	2011	2010	legacy
713	c592	金田沙彩	work	灰色的果实	灰色的果实 -LE FRUIT DE LA GRISAIA-	legacy
713	c592	金田沙彩	release_year	2011	2010	legacy
714	c593	古森惠	cv	綾瀬あかり	綾瀬 あかり	legacy
714	c593	古森惠	work	灰色的果实	灰色的果实 -LE FRUIT DE LA GRISAIA-	legacy
714	c593	古森惠	release_year	2011	2010	legacy
715	c594	樱井美冬	work	灰色的果实	灰色的果实 -LE FRUIT DE LA GRISAIA-	legacy
715	c594	樱井美冬	release_year	2011	2010	legacy
716	c595	广冈珠希	work	灰色的果实	灰色的果实 -LE FRUIT DE LA GRISAIA-	legacy
716	c595	广冈珠希	release_year	2011	2010	legacy
719	c598	越智义彦	work	灰色的果实	灰色的果实 -LE FRUIT DE LA GRISAIA-	legacy
719	c598	越智义彦	release_year	2011	2010	legacy
720	c599	坂下启二	cv	中里圭太	中里 圭太	legacy
720	c599	坂下启二	work	灰色的果实	灰色的果实 -LE FRUIT DE LA GRISAIA-	legacy
720	c599	坂下启二	release_year	2011	2010	legacy
721	c600	喵美尔	cv	綾瀬あかり	綾瀬 あかり	legacy
721	c600	喵美尔	work	灰色的果实	灰色的果实 -LE FRUIT DE LA GRISAIA-	legacy
721	c600	喵美尔	release_year	2011	2010	legacy
723	c602	入巢清夏	work	灰色的果实	灰色的果实 -LE FRUIT DE LA GRISAIA-	legacy
723	c602	入巢清夏	release_year	2011	2010	legacy
724	c603	入巢正孝	work	灰色的果实	灰色的果实 -LE FRUIT DE LA GRISAIA-	legacy
724	c603	入巢正孝	release_year	2011	2010	legacy
725	c605	入巢沙里菜	work	灰色的果实	灰色的果实 -LE FRUIT DE LA GRISAIA-	legacy
725	c605	入巢沙里菜	release_year	2011	2010	legacy
737	c7408	希斯·奥斯洛	cv	鶴岡聡	鶴岡 聡	legacy
737	c7408	希斯·奥斯洛	release_year	2012	2011	legacy
738	c7409	风见亮二	cv	倉島丈	倉島 丈	legacy
738	c7409	风见亮二	release_year	2012	2011	legacy
739	c7410	风见聪子	cv	民安ともえ	民安 ともえ	legacy
739	c7410	风见聪子	release_year	2012	2011	legacy
740	c7411	贾斯汀·麦克迈尔	cv	水樹空	水樹 空	legacy
740	c7411	贾斯汀·麦克迈尔	release_year	2012	2011	legacy
741	c7412	丹尼尔·博恩	cv	倉島丈	倉島 丈	legacy
741	c7412	丹尼尔·博恩	release_year	2012	2011	legacy
742	c7413	米莉艾拉·斯坦菲尔德	cv	東かりん	東 かりん	legacy
742	c7413	米莉艾拉·斯坦菲尔德	hair_color	酒红	紫色	legacy
742	c7413	米莉艾拉·斯坦菲尔德	hair_color_family	red	purple	legacy
742	c7413	米莉艾拉·斯坦菲尔德	release_year	2012	2011	legacy
743	c7414	爱德华·沃克	cv	秋山樹	秋山 樹	legacy
743	c7414	爱德华·沃克	hair_color	白色	灰色	legacy
743	c7414	爱德华·沃克	hair_color_family	white	gray	legacy
743	c7414	爱德华·沃克	release_year	2012	2011	legacy
744	c7415	罗伯特·沃尔森	cv	三苫紘平	三苫 紘平	legacy
744	c7415	罗伯特·沃尔森	release_year	2012	2011	legacy
745	c12360	艾格尼丝·加雷特	cv	野々村紗夜	野々村 紗夜	legacy
745	c12360	艾格尼丝·加雷特	release_year	2012	2011	legacy
748	c11136	公由喜一郎	cv	塚田正昭	塚田 正昭	legacy
748	c11136	公由喜一郎	hair_color	灰色	黑色	legacy
748	c11136	公由喜一郎	hair_color_family	gray	black	legacy
748	c11136	公由喜一郎	work	寒蝉鸣泣之时	寒蝉鸣泣之时解	legacy
748	c11136	公由喜一郎	release_year	2002	2004	legacy
752	c3815	园崎茜	cv	井上喜久子	井上 喜久子	legacy
752	c3815	园崎茜	work	寒蝉鸣泣之时	寒蝉鸣泣之时解	legacy
752	c3815	园崎茜	release_year	2005	2004	legacy
753	c3838	葛西辰由	cv	立木文彦	立木 文彦	legacy
753	c3838	葛西辰由	work	寒蝉鸣泣之时	寒蝉鸣泣之时解	legacy
753	c3838	葛西辰由	release_year	2005	2004	legacy
754	c3846	间宫丽娜	cv	氷上恭子	氷上 恭子	legacy
754	c3846	间宫丽娜	work	寒蝉鸣泣之时	寒蝉鸣泣之时解	legacy
754	c3846	间宫丽娜	release_year	2005	2004	legacy
755	c3849	北条悟史	cv	小林ゆう	小林 ゆう	legacy
755	c3849	北条悟史	work	寒蝉鸣泣之时	寒蝉鸣泣之时解	legacy
755	c3849	北条悟史	release_year	2005	2004	legacy
756	c3864	小此木铁郎	cv	成田剣	成田 剣	legacy
756	c3864	小此木铁郎	hair_color	绿色	黑色	legacy
756	c3864	小此木铁郎	hair_color_family	green	black	legacy
756	c3864	小此木铁郎	work	寒蝉鸣泣之时	寒蝉鸣泣之时解	legacy
756	c3864	小此木铁郎	release_year	2005	2004	legacy
759	c113187	芙蕾德莉卡·贝伦卡斯泰露	cv	田村ゆかり	田村 ゆかり	legacy
759	c113187	芙蕾德莉卡·贝伦卡斯泰露	work	寒蝉鸣泣之时	寒蝉鸣泣之时解	legacy
759	c113187	芙蕾德莉卡·贝伦卡斯泰露	release_year	2005	2004	legacy
762	c294	乡田俊朗	cv	上別府仁資	上別府 仁資	legacy
763	c366	熊泽秋	cv	羽鳥靖子	羽鳥 靖子	legacy
763	c366	熊泽秋	hair_color	灰色	黑色	legacy
763	c366	熊泽秋	hair_color_family	gray	black	legacy
769	c4103	拉姆达戴露塔	cv	大浦冬華	大浦 冬華	legacy
769	c4103	拉姆达戴露塔	work	海猫鸣泣之时	海猫鸣泣之时散	legacy
769	c4103	拉姆达戴露塔	release_year	2007	2009	legacy
771	c13723	噶普	cv	甲斐田ゆき	甲斐田 ゆき	legacy
771	c13723	噶普	hair_color	橙色	蓝色	legacy
771	c13723	噶普	hair_color_family	orange	blue	legacy
772	c13724	瓦尔基莉亚	cv	井上喜久子	井上 喜久子	legacy
772	c13724	瓦尔基莉亚	hair_color	灰色	蓝色	legacy
772	c13724	瓦尔基莉亚	hair_color_family	gray	blue	legacy
773	c13726	夏娃·贝阿朵莉切	cv	伊藤美紀	伊藤 美紀	legacy
773	c13726	夏娃·贝阿朵莉切	hair_color	橙色	蓝色	legacy
773	c13726	夏娃·贝阿朵莉切	hair_color_family	orange	blue	legacy
774	c13727	路西法	cv	斉藤佑圭	斉藤 佑圭	legacy
775	c13728	雷维阿坦	cv	米澤円	米澤 円	legacy
775	c13728	雷维阿坦	hair_color	绿色	红色	legacy
775	c13728	雷维阿坦	hair_color_family	green	red	legacy
776	c13729	撒旦	cv	日笠陽子	日笠 陽子	legacy
776	c13729	撒旦	hair_color	白色	红色	legacy
776	c13729	撒旦	hair_color_family	white	red	legacy
777	c13730	贝露菲格露	cv	吉田聖子	吉田 聖子	legacy
779	c13732	贝露赛布布	cv	山岡ゆり	山岡 ゆり	legacy
780	c13733	阿丝磨德乌丝	cv	豊崎愛生	豊崎 愛生	legacy
781	c15875	天草十三	cv	遊佐浩二	遊佐 浩二	legacy
781	c15875	天草十三	hair_color	白色	黑色	legacy
781	c15875	天草十三	hair_color_family	white	black	legacy
783	c17350	樱太郎	cv	茅原実里	茅原 実里	legacy
786	c26218	谢斯塔410	cv	喜多村英梨	喜多村 英梨	legacy
786	c26218	谢斯塔410	hair_color	未知	红色	legacy
786	c26218	谢斯塔410	hair_color_family	unknown	red	legacy
787	c26219	谢斯塔45	cv	水野マリコ	水野 マリコ	legacy
787	c26219	谢斯塔45	hair_color	粉色	红色	legacy
787	c26219	谢斯塔45	hair_color_family	pink	red	legacy
788	c26220	谢斯塔00	cv	廣田詩夢	廣田 詩夢	legacy
794	c12267	芙尔芙尔	cv	仙台エリ	仙台 エリ	legacy
794	c12267	芙尔芙尔	work	海猫鸣泣之时	海猫鸣泣之时散	legacy
796	c13718	威拉德·H·莱特	cv	高橋広樹	高橋 広樹	legacy
796	c13718	威拉德·H·莱特	work	海猫鸣泣之时	海猫鸣泣之时散	legacy
797	c13719	右代宫理御	cv	川澄綾子	川澄 綾子	legacy
797	c13719	右代宫理御	hair_color	金色	棕色	legacy
797	c13719	右代宫理御	hair_color_family	blond	brown	legacy
797	c13719	右代宫理御	work	海猫鸣泣之时	海猫鸣泣之时散	legacy
798	c13721	赛帕尔	cv	斎賀みつき	斎賀 みつき	legacy
798	c13721	赛帕尔	work	海猫鸣泣之时	海猫鸣泣之时散	legacy
799	c15874	德拉诺尔·A·诺克斯	cv	沢城みゆき	沢城 みゆき	legacy
799	c15874	德拉诺尔·A·诺克斯	work	海猫鸣泣之时	海猫鸣泣之时散	legacy
804	c15879	菲泽莉努·阿乌古斯都斯·阿乌罗拉	cv	根谷美智子	根谷 美智子	legacy
804	c15879	菲泽莉努·阿乌古斯都斯·阿乌罗拉	work	海猫鸣泣之时	海猫鸣泣之时散	legacy
807	c13731	玛蒙	cv	新名彩乃	新名 彩乃	legacy
807	c13731	玛蒙	hair_length	未知	长发	legacy
807	c13731	玛蒙	release_year	2009	2007	legacy
815	c57	蟹泽绢	cv	金田まひる	金田 まひる	legacy
815	c57	蟹泽绢	work	认真和我谈恋爱!!	つよきす	legacy
815	c57	蟹泽绢	company	Minato Soft	きゃんでぃそふと	legacy
815	c57	蟹泽绢	release_year	2009	2005	legacy
816	c59	铁乙女	cv	青山ゆかり	青山 ゆかり	legacy
816	c59	铁乙女	work	认真和我谈恋爱!!	つよきす	legacy
816	c59	铁乙女	company	Minato Soft	きゃんでぃそふと	legacy
816	c59	铁乙女	release_year	2009	2005	legacy
818	c3510	克丽斯汀·弗里德里希	cv	三咲里奈	三咲 里奈	legacy
818	c3510	克丽斯汀·弗里德里希	work	认真和我谈恋爱!!	认真和我谈恋爱！！	legacy
818	c3510	克丽斯汀·弗里德里希	company	Minato Soft	みなとそふと	legacy
829	c3885	直江大和	work	认真和我谈恋爱!!	认真和我谈恋爱！！	legacy
829	c3885	直江大和	company	Minato Soft	みなとそふと	legacy
832	c3890	师冈卓也	cv	真狩千平	鈴村 健一	legacy
832	c3890	师冈卓也	work	认真和我谈恋爱!!	「真剣で私に恋しなさい！」ドラマCD	legacy
832	c3890	师冈卓也	company	Minato Soft	みなとそふと	legacy
832	c3890	师冈卓也	release_year	2009	2010	legacy
836	c9783	源忠胜	cv	野牛博	野牛 博	legacy
836	c9783	源忠胜	work	认真和我谈恋爱!!	认真和我谈恋爱！！	legacy
836	c9783	源忠胜	company	Minato Soft	みなとそふと	legacy
837	c9784	小笠原千花	cv	芹園みや	芹園 みや	legacy
837	c9784	小笠原千花	work	认真和我谈恋爱!!	认真和我谈恋爱！！	legacy
837	c9784	小笠原千花	company	Minato Soft	みなとそふと	legacy
840	c9787	熊饲满	cv	山田葵	山田 葵	legacy
840	c9787	熊饲满	work	认真和我谈恋爱!!	认真和我谈恋爱！！	legacy
840	c9787	熊饲满	company	Minato Soft	みなとそふと	legacy
842	c9789	小岛梅子	cv	猫魅愛	猫魅 愛	legacy
842	c9789	小岛梅子	hair_color	酒红	红色	legacy
842	c9789	小岛梅子	work	认真和我谈恋爱!!	认真和我谈恋爱！！	legacy
842	c9789	小岛梅子	company	Minato Soft	みなとそふと	legacy
843	c9790	羽黑黑子	cv	華田英夫	華田 英夫	legacy
843	c9790	羽黑黑子	work	认真和我谈恋爱!!	认真和我谈恋爱！！	legacy
843	c9790	羽黑黑子	company	Minato Soft	みなとそふと	legacy
845	c9792	榊原小雪	cv	北都南	北都 南	legacy
845	c9792	榊原小雪	hair_color	白色	红色	legacy
845	c9792	榊原小雪	hair_color_family	white	red	legacy
845	c9792	榊原小雪	work	认真和我谈恋爱!!	真剣で私に恋しなさい！S	legacy
845	c9792	榊原小雪	company	Minato Soft	みなとそふと	legacy
845	c9792	榊原小雪	release_year	2009	2011	legacy
846	c9793	葵冬马	cv	浅野要二	浅野 要二	legacy
846	c9793	葵冬马	work	认真和我谈恋爱!!	认真和我谈恋爱！！	legacy
846	c9793	葵冬马	company	Minato Soft	みなとそふと	legacy
847	c9794	井上准	cv	ほうでん亭センマイ	杉田 智和	legacy
847	c9794	井上准	work	认真和我谈恋爱!!	真剣で私に恋しなさい！！SPARK	legacy
847	c9794	井上准	company	Minato Soft	みなとそふと	legacy
847	c9794	井上准	release_year	2009	2016	legacy
848	c9795	玛吉特·埃贝巴赫	cv	かわしまりの	かわしま りの	legacy
848	c9795	玛吉特·埃贝巴赫	work	认真和我谈恋爱!!	真剣で私に恋しなさい！S	legacy
848	c9795	玛吉特·埃贝巴赫	company	Minato Soft	みなとそふと	legacy
848	c9795	玛吉特·埃贝巴赫	release_year	2009	2011	legacy
849	c9796	川神铁心	cv	塚猿助	塚 猿助	legacy
849	c9796	川神铁心	work	认真和我谈恋爱!!	认真和我谈恋爱！！	legacy
849	c9796	川神铁心	company	Minato Soft	みなとそふと	legacy
850	c9797	宇佐美巨人	cv	嶋和成	嶋 和成	legacy
850	c9797	宇佐美巨人	work	认真和我谈恋爱!!	认真和我谈恋爱！！	legacy
850	c9797	宇佐美巨人	company	Minato Soft	みなとそふと	legacy
855	c9802	绫小路麻吕	cv	鼠後輩	鼠 後輩	legacy
855	c9802	绫小路麻吕	work	认真和我谈恋爱!!	认真和我谈恋爱！！	legacy
855	c9802	绫小路麻吕	company	Minato Soft	みなとそふと	legacy
858	c9805	总理	cv	比留間京之介	比留間 京之介	legacy
858	c9805	总理	work	认真和我谈恋爱!!	认真和我谈恋爱！！	legacy
858	c9805	总理	company	Minato Soft	みなとそふと	legacy
860	c9807	大和田伊予	cv	水捲真魚	水捲 真魚	legacy
860	c9807	大和田伊予	work	认真和我谈恋爱!!	认真和我谈恋爱！！	legacy
860	c9807	大和田伊予	company	Minato Soft	みなとそふと	legacy
868	c9951	泽城凛奈	cv	河合春華	河合 春華	legacy
868	c9951	泽城凛奈	company	GIGA	戯画	legacy
868	c9951	泽城凛奈	release_year	2006	2005	legacy
869	c9954	浅仓奈绪子	cv	篠崎双葉	篠崎 双葉	legacy
869	c9954	浅仓奈绪子	company	GIGA	戯画	legacy
869	c9954	浅仓奈绪子	release_year	2006	2005	legacy
870	c9955	六条宫穗	cv	草柳順子	草柳 順子	legacy
870	c9955	六条宫穗	hair_color	白色	蓝色	legacy
870	c9955	六条宫穗	hair_color_family	white	blue	legacy
870	c9955	六条宫穗	company	GIGA	戯画	legacy
870	c9955	六条宫穗	release_year	2006	2005	legacy
873	c10314	星野航	company	GIGA	戯画	legacy
873	c10314	星野航	release_year	2006	2005	legacy
874	c10315	三田村茜	cv	涼宮琉那	涼宮 琉那	legacy
874	c10315	三田村茜	company	GIGA	戯画	legacy
874	c10315	三田村茜	release_year	2006	2005	legacy
884	c60023	索菲缇娅	hair_color	未知	紫色	legacy
884	c60023	索菲缇娅	hair_color_family	unknown	purple	legacy
884	c60023	索菲缇娅	work	9-nine-九次九日九重色	9-nine-雪色雪花雪余痕	legacy
884	c60023	索菲缇娅	company	PALETTE	ぱれっと	legacy
884	c60023	索菲缇娅	release_year	2017	2020	legacy
885	c67681	幽灵	cv	小鳥居夕花	小鳥居 夕花	legacy
885	c67681	幽灵	work	9-nine-九次九日九重色	9-nine-天色天歌天籁音	legacy
885	c67681	幽灵	company	PALETTE	ぱれっと	legacy
885	c67681	幽灵	release_year	2017	2018	legacy
887	c82557	伊利斯	work	9-nine-春色春恋春熙风	9-nine-雪色雪花雪余痕	legacy
887	c82557	伊利斯	company	PALETTE	ぱれっと	legacy
887	c82557	伊利斯	release_year	2019	2020	legacy
888	c90097	蕾娜	cv	小鳥居夕花	小鳥居 夕花	legacy
888	c90097	蕾娜	work	9-nine-雪色雪花雪之痕	9-nine-雪色雪花雪余痕	legacy
888	c90097	蕾娜	company	PALETTE	ぱれっと	legacy
213	c15112	饭冢武也	cv	寺島拓篤	寺島 拓篤	legacy
213	c15112	饭冢武也	work	WHITE ALBUM 2	白色相簿2	legacy
213	c15112	饭冢武也	company	Leaf	AQUAPLUS	legacy
212	c15111	水泽依绪	cv	鳥部万里子	中上 育実	legacy
212	c15111	水泽依绪	work	WHITE ALBUM 2	白色相簿2	legacy
212	c15111	水泽依绪	company	Leaf	AQUAPLUS	legacy
63	c47	吉尔伽美什	cv	関智一	関 智一	legacy
63	c47	吉尔伽美什	release_year	2004	2003	legacy
58	c39	美杜莎	cv	浅川悠	浅川 悠	legacy
58	c39	美杜莎	hair_color	紫色	灰色	legacy
58	c39	美杜莎	hair_color_family	purple	gray	legacy
58	c39	美杜莎	release_year	2004	2003	legacy
61	c45	美狄亚	cv	田中敦子	田中 敦子	legacy
61	c45	美狄亚	hair_color	紫色	蓝色	legacy
61	c45	美狄亚	hair_color_family	purple	blue	legacy
61	c45	美狄亚	release_year	2004	2003	legacy
176	c44	葛木宗一郎	cv	中田譲治	中多 和宏	legacy
176	c44	葛木宗一郎	release_year	2004	2003	legacy
177	c48	柳洞一成	cv	真殿光昭	真殿 光昭	legacy
177	c48	柳洞一成	work	Fate/stay night	Fate/hollow ataraxia	legacy
177	c48	柳洞一成	release_year	2004	2005	legacy
175	c43	藤村大河	cv	伊藤美紀	伊藤 美紀	legacy
175	c43	藤村大河	release_year	2004	2003	legacy
60	c41	间桐慎二	cv	神谷浩史	神谷 浩史	legacy
60	c41	间桐慎二	release_year	2004	2003	legacy
336	c53	黑樱	cv	下屋則子	下屋 則子	legacy
336	c53	黑樱	hair_color	白色	红色	legacy
336	c53	黑樱	hair_color_family	white	red	legacy
336	c53	黑樱	release_year	2004	2003	legacy
74	c89	弓冢五月	cv	南央美	未知	legacy
74	c89	弓冢五月	work	月姬	月姫	legacy
74	c89	弓冢五月	release_year	2000	1999	legacy
638	c139	巴雪乃	cv	宮内裕香	宮内 裕香	legacy
638	c139	巴雪乃	company	âge	アージュ	legacy
638	c139	巴雪乃	release_year	2003	2002	legacy
632	c127	月咏真那	cv	上田亜紀子	上田 亜紀子	legacy
632	c127	月咏真那	company	âge	アージュ	legacy
632	c127	月咏真那	release_year	2003	2002	legacy
669	c163	风间祷子	cv	三咲里奈	三咲 里奈	legacy
669	c163	风间祷子	hair_color	绿色	蓝色	legacy
669	c163	风间祷子	hair_color_family	green	blue	legacy
669	c163	风间祷子	work	Muv-Luv Alternative	マブラヴ　オルタネイティヴ	legacy
669	c163	风间祷子	company	âge	アージュ	legacy
673	c175	煌武院悠阳	cv	吉田恭子	吉田 恭子	legacy
673	c175	煌武院悠阳	hair_color	紫色	蓝色	legacy
673	c175	煌武院悠阳	hair_color_family	purple	blue	legacy
673	c175	煌武院悠阳	work	Muv-Luv Alternative	マブラヴ　オルタネイティヴ	legacy
673	c175	煌武院悠阳	company	âge	アージュ	legacy
189	c3827	北条铁平	cv	宝亀克寿	宝亀 克寿	legacy
189	c3827	北条铁平	hair_color	金色	黑色	legacy
189	c3827	北条铁平	hair_color_family	blond	black	legacy
189	c3827	北条铁平	work	寒蝉鸣泣之时	寒蝉鸣泣之时 出题篇	legacy
770	c13722	罗诺威	cv	杉田智和	杉田 智和	legacy
603	c540	梅尔特·罗格缇耶	cv	赤白杏奈	赤白 杏奈	legacy
603	c540	梅尔特·罗格缇耶	company	August	オーガスト	legacy
603	c540	梅尔特·罗格缇耶	release_year	2011	2010	legacy
33	c1868	二木佳奈多	cv	鈴木恵理	すずき けいこ	legacy
30	c1871	笹濑川佐佐美	cv	徳井青空	田宮 トモエ	legacy
23	c15864	古河秋生	cv	置鮎龍太郎	置鮎 龍太郎	legacy
23	c15864	古河秋生	work	CLANNAD	CLANNAD - 被光守望着的坡道	legacy
23	c15864	古河秋生	release_year	2004	2008	legacy
22	c15855	古河早苗	cv	井上喜久子	井上 喜久子	legacy
22	c15855	古河早苗	work	CLANNAD	CLANNAD - 被光守望着的坡道	legacy
22	c15855	古河早苗	release_year	2004	2008	legacy
158	c15865	春原芽衣	cv	田村ゆかり	田村 ゆかり	legacy
158	c15865	春原芽衣	work	CLANNAD	CLANNAD - 被光守望着的坡道	legacy
158	c15865	春原芽衣	release_year	2004	2008	legacy
154	c15850	宫泽有纪宁	cv	榎本温子	榎本 温子	legacy
153	c15851	相乐美佐枝	cv	雪野五月	雪野 五月	legacy
153	c15851	相乐美佐枝	work	CLANNAD	CLANNAD - 被光守望着的坡道	legacy
153	c15851	相乐美佐枝	release_year	2004	2008	legacy
12	c2941	美坂香里	cv	川澄綾子	川澄 綾子	legacy
152	c2944	北川润	cv	関智一	関 智一	legacy
13	c2940	天野美汐	cv	坂本真綾	坂本 真綾	legacy
231	c21312	里叶	cv	井上喜久子	井上 喜久子	legacy
227	c9994	小满	cv	田村ゆかり	田村 ゆかり	legacy
19	c6089	藤林椋	cv	神田朱未	神田 朱未	legacy
19	c6089	藤林椋	hair_color	紫色	蓝色	legacy
19	c6089	藤林椋	hair_color_family	purple	blue	legacy
274	c774	西九条灯花	cv	田中涼子	田中 涼子	legacy
274	c774	西九条灯花	release_year	2011	2010	legacy
280	c6292	井上晶	cv	渡邉佳美	渡邉 佳美	legacy
280	c6292	井上晶	release_year	2011	2010	legacy
272	c304	吉野晴彦	cv	柳田淳一	柳田 淳一	legacy
272	c304	吉野晴彦	hair_color	灰色	蓝色	legacy
272	c304	吉野晴彦	hair_color_family	gray	blue	legacy
272	c304	吉野晴彦	release_year	2011	2010	legacy
273	c624	江坂宗源	cv	東地宏樹	東地 宏樹	legacy
273	c624	江坂宗源	release_year	2011	2010	legacy
279	c6291	今宫新	release_year	2011	2010	legacy
283	c17427	加岛樱	cv	若林直美	若林 直美	legacy
283	c17427	加岛樱	release_year	2011	2010	legacy
162	c765	凤咲夜	cv	小西克幸	小西 克幸	legacy
162	c765	凤咲夜	release_year	2011	2010	legacy
499	c14652	绪方理奈	cv	水樹奈々	水樹 奈々	legacy
499	c14652	绪方理奈	work	WHITE ALBUM	白色相簿	legacy
499	c14652	绪方理奈	company	Leaf	AQUAPLUS	legacy
100	c14651	森川由绮	cv	平野綾	平野 綾	legacy
100	c14651	森川由绮	work	WHITE ALBUM	白色相簿	legacy
100	c14651	森川由绮	company	Leaf	AQUAPLUS	legacy
767	c1342	右代宫雾江	cv	田中敦子	田中 敦子	legacy
767	c1342	右代宫雾江	hair_color	白色	棕色	legacy
767	c1342	右代宫雾江	hair_color_family	white	brown	legacy
200	c228	右代宫绘羽	cv	井上喜久子	伊藤 美紀	legacy
200	c228	右代宫绘羽	hair_length	长发	未知	legacy
199	c207	右代宫留弗夫	cv	小杉十郎太	小山 力也	legacy
199	c207	右代宫留弗夫	hair_color	棕色	黑色	legacy
199	c207	右代宫留弗夫	hair_color_family	brown	black	legacy
198	c206	右代宫楼座	cv	小清水亜美	小清水 亜美	legacy
765	c680	右代宫夏妃	cv	篠原恵美	篠原 恵美	legacy
764	c367	右代宫藏臼	cv	小杉十郎太	小杉 十郎太	legacy
764	c367	右代宫藏臼	hair_color	棕色	黑色	legacy
764	c367	右代宫藏臼	hair_color_family	brown	black	legacy
178	c52	美缀绫子	cv	水沢史絵	水沢 史絵	legacy
178	c52	美缀绫子	work	Fate/stay night	Fate/hollow ataraxia	legacy
178	c52	美缀绫子	release_year	2004	2005	legacy
340	c41602	塞拉	cv	寺田はるひ	七緒 はるひ	legacy
340	c41602	塞拉	hair_color	白色	红色	legacy
340	c41602	塞拉	hair_color_family	white	red	legacy
340	c41602	塞拉	work	Fate/stay night	Fate/hollow ataraxia	legacy
340	c41602	塞拉	release_year	2004	2005	legacy
341	c41603	莉洁莉特	cv	宮川美保	宮川 美保	legacy
341	c41603	莉洁莉特	hair_color	白色	红色	legacy
341	c41603	莉洁莉特	hair_color_family	white	red	legacy
341	c41603	莉洁莉特	work	Fate/stay night	Fate/hollow ataraxia	legacy
341	c41603	莉洁莉特	release_year	2004	2005	legacy
629	c111	神宫司麻里茂	cv	南綾香	南 綾香	legacy
629	c111	神宫司麻里茂	company	âge	アージュ	legacy
629	c111	神宫司麻里茂	release_year	2003	2002	legacy
317	c68279	三谷良一	cv	熊谷健太郎	熊谷 健太郎	legacy
838	c9785	甘粕真与	cv	鮎川ひなた	鮎川 ひなた	legacy
838	c9785	甘粕真与	work	认真和我谈恋爱!!	认真和我谈恋爱！！	legacy
838	c9785	甘粕真与	company	Minato Soft	みなとそふと	legacy
173	c68281	野村美希	cv	ブリドカットセーラ恵美	一宮 朔	legacy
105	c4014	白河小鸟	cv	日向裕羅	堀江 由衣	legacy
105	c4014	白河小鸟	hair_color	红色	蓝色	legacy
105	c4014	白河小鸟	hair_color_family	red	blue	legacy
105	c4014	白河小鸟	work	初音岛	D.C.～ダ・カーポ～	legacy
104	c4012	朝仓音梦	cv	鳥居利美	鳥居 花音	legacy
104	c4012	朝仓音梦	work	初音岛	D.C.～ダ・カーポ～	legacy
106	c4013	芳乃樱	cv	田村ゆかり	田村 ゆかり	legacy
106	c4013	芳乃樱	work	初音岛	D.C.～ダ・カーポ～	legacy
530	c4019	杉并	cv	岸尾だいすけ	未知	legacy
530	c4019	杉并	work	初音岛	D.C.I.F.～ダ・カーポ～イノセントフィナーレ featuring シリーズ	legacy
530	c4019	杉并	release_year	2002	2014	legacy
107	c4017	天枷美春	cv	松来未祐	佐々 留美子	legacy
107	c4017	天枷美春	hair_color	橙色	蓝色	legacy
107	c4017	天枷美春	hair_color_family	orange	blue	legacy
107	c4017	天枷美春	work	初音岛	D.C.～ダ・カーポ～	legacy
110	c4053	朝仓音姬	cv	ひびきりん	ひなき 藍	legacy
110	c4053	朝仓音姬	work	初音岛II	D.C.II ～ダ・カーポII～	legacy
122	c94339	速濑水月	cv	石橋朋子	石橋 朋子	legacy
122	c94339	速濑水月	company	âge	アージュ	legacy
618	c1592	广野纮	cv	小満皐	小満 皐	legacy
618	c1592	广野纮	work	ef - a fairy tale of the two.	悠久之翼	legacy
117	c1586	新藤千寻	cv	宮村みやこ	まき いづみ	legacy
117	c1586	新藤千寻	work	ef - a fairy tale of the two.	悠久之翼	legacy
115	c5217	雨宫优子	cv	田口宏子	山田 ゆな	legacy
115	c5217	雨宫优子	hair_color	蓝色	黑色	legacy
115	c5217	雨宫优子	hair_color_family	blue	black	legacy
115	c5217	雨宫优子	work	ef - a fairy tale of the two.	悠久之翼	legacy
623	c8672	火村夕	cv	壬生中将	壬生 中将	legacy
623	c8672	火村夕	work	ef - a fairy tale of the two.	悠久之翼	legacy
622	c8626	羽山瑞希	cv	安玖深音	安玖深 音	legacy
622	c8626	羽山瑞希	work	ef - a fairy tale of the two.	悠久之翼	legacy
112	c1356	菲娜·法姆·阿修莱特	cv	生天目仁美	生天目 仁美	legacy
112	c1356	菲娜·法姆·阿修莱特	hair_color	银白	蓝色	legacy
112	c1356	菲娜·法姆·阿修莱特	hair_color_family	white	blue	legacy
112	c1356	菲娜·法姆·阿修莱特	work	夜明前的琉璃色	更胜黎明前的琉璃色	legacy
112	c1356	菲娜·法姆·阿修莱特	company	August	オーガスト	legacy
138	c3507	川神百代	cv	神代岬	神代 岬	legacy
138	c3507	川神百代	work	认真和我谈恋爱!!	认真和我谈恋爱！！	legacy
138	c3507	川神百代	company	Minato Soft	みなとそふと	legacy
139	c3508	川神一子	cv	青山ゆかり	青山 ゆかり	legacy
139	c3508	川神一子	work	认真和我谈恋爱!!	认真和我谈恋爱！！	legacy
139	c3508	川神一子	company	Minato Soft	みなとそふと	legacy
819	c3511	黛由纪江	cv	九条信乃	九条 信乃	legacy
819	c3511	黛由纪江	work	认真和我谈恋爱!!	认真和我谈恋爱！！	legacy
819	c3511	黛由纪江	company	Minato Soft	みなとそふと	legacy
544	c4052	雪村杏	cv	遠野そよぎ	遠野 そよぎ	legacy
544	c4052	雪村杏	work	初音岛II	D.C.II ～ダ・カーポII～	legacy
542	c4049	月岛小恋	cv	立花あや	立花 あや	legacy
542	c4049	月岛小恋	work	初音岛II	D.C.II ～ダ・カーポII～	legacy
111	c4050	白河奈奈佳	cv	茅原実里	野中 みゅう	legacy
111	c4050	白河奈奈佳	hair_color	粉色	蓝色	legacy
111	c4050	白河奈奈佳	hair_color_family	pink	blue	legacy
111	c4050	白河奈奈佳	work	初音岛II	D.C.II ～ダ・カーポII～	legacy
109	c4054	朝仓由梦	cv	きのみ聖	堀江 由衣	legacy
109	c4054	朝仓由梦	work	初音岛II	D.C.II ～ダ・カーポII～	legacy
851	c9798	板垣亚巳	work	认真和我谈恋爱!!	认真和我谈恋爱！！	legacy
851	c9798	板垣亚巳	company	Minato Soft	みなとそふと	legacy
852	c9799	板垣辰子	cv	まきいづみ	まき いづみ	legacy
852	c9799	板垣辰子	work	认真和我谈恋爱!!	真剣で私に恋しなさい！S	legacy
852	c9799	板垣辰子	company	Minato Soft	みなとそふと	legacy
852	c9799	板垣辰子	release_year	2009	2011	legacy
853	c9800	板垣天使	cv	金田まひる	金田 まひる	legacy
853	c9800	板垣天使	hair_color	橙色	绿色	legacy
853	c9800	板垣天使	hair_color_family	orange	green	legacy
853	c9800	板垣天使	work	认真和我谈恋爱!!	认真和我谈恋爱！！	legacy
853	c9800	板垣天使	company	Minato Soft	みなとそふと	legacy
854	c9801	板垣龙兵	cv	ミシェル市山	ミシェル 市山	legacy
854	c9801	板垣龙兵	work	认真和我谈恋爱!!	认真和我谈恋爱！！	legacy
854	c9801	板垣龙兵	company	Minato Soft	みなとそふと	legacy
827	c3800	九鬼扬羽	cv	黒木まゆ	黒木 まゆ	legacy
827	c3800	九鬼扬羽	work	认真和我谈恋爱!!	认真和我谈恋爱！！	legacy
827	c3800	九鬼扬羽	company	Minato Soft	みなとそふと	legacy
834	c8346	九鬼英雄	work	认真和我谈恋爱!!	认真和我谈恋爱！！	legacy
834	c8346	九鬼英雄	company	Minato Soft	みなとそふと	legacy
833	c5866	不死川心	cv	雅弥はるか	雅弥 はるか	legacy
833	c5866	不死川心	work	认真和我谈恋爱!!	真剣で私に恋しなさい！S	legacy
833	c5866	不死川心	company	Minato Soft	みなとそふと	legacy
833	c5866	不死川心	release_year	2009	2011	legacy
831	c3888	岛津岳人	cv	ボブ松沼	草尾 毅	legacy
831	c3888	岛津岳人	work	认真和我谈恋爱!!	「真剣で私に恋しなさい！」ドラマCD	legacy
831	c3888	岛津岳人	company	Minato Soft	みなとそふと	legacy
831	c3888	岛津岳人	release_year	2009	2010	legacy
839	c9786	福本育郎	cv	山口勝平	山口 勝平	legacy
839	c9786	福本育郎	work	认真和我谈恋爱!!	认真和我谈恋爱！！	legacy
839	c9786	福本育郎	company	Minato Soft	みなとそふと	legacy
830	c3886	风间翔一	cv	富士爆発	小西 克幸	legacy
830	c3886	风间翔一	work	认真和我谈恋爱!!	「真剣で私に恋しなさい！」ドラマCD	legacy
830	c3886	风间翔一	company	Minato Soft	みなとそふと	legacy
830	c3886	风间翔一	release_year	2009	2010	legacy
817	c3509	椎名京	cv	海原エレナ	海原 エレナ	legacy
817	c3509	椎名京	work	认真和我谈恋爱!!	认真和我谈恋爱！！	legacy
817	c3509	椎名京	company	Minato Soft	みなとそふと	legacy
576	c1361	朝雾麻衣	cv	後藤麻衣	後藤 麻衣	legacy
576	c1361	朝雾麻衣	work	夜明前的琉璃色	更胜黎明前的琉璃色	legacy
576	c1361	朝雾麻衣	company	August	オーガスト	legacy
409	c15130	朝雾麻亚子	cv	小暮英麻	小暮 英麻	legacy
409	c15130	朝雾麻亚子	work	ToHeart2	ToHeart2 AnotherDays	legacy
409	c15130	朝雾麻亚子	company	Leaf	AQUAPLUS	legacy
409	c15130	朝雾麻亚子	release_year	2004	2008	legacy
624	c59654	广野凪	cv	三咲里奈	三咲 里奈	legacy
624	c59654	广野凪	work	ef - a fairy tale of the two.	天使的星期日	legacy
624	c59654	广野凪	release_year	2006	2010	legacy
619	c1593	宫村宫子	cv	赤沢かえで	赤沢 かえで	legacy
619	c1593	宫村宫子	work	ef - a fairy tale of the two.	悠久之翼	legacy
141	c60020	新海翔	cv	阿部敦	寺竹 順	legacy
141	c60020	新海翔	company	PALETTE	ぱれっと	legacy
148	c67682	高峰莲夜	cv	杉田智和	ほうでん亭 センマイ	legacy
148	c67682	高峰莲夜	hair_color	红色	蓝色	legacy
148	c67682	高峰莲夜	hair_color_family	red	blue	legacy
148	c67682	高峰莲夜	work	9-nine-天色天歌天籁音	9-nine-雪色雪花雪余痕	legacy
148	c67682	高峰莲夜	company	PALETTE	ぱれっと	legacy
148	c67682	高峰莲夜	release_year	2018	2020	legacy
108	c4020	朝仓纯一	cv	保志総一朗	能登 麻美子	legacy
108	c4020	朝仓纯一	work	初音岛	D.C.～ダ・カーポ～	legacy
221	c4015	水越萌	cv	伊月ゆい	伊月 ゆい	legacy
221	c4015	水越萌	hair_color	青色	蓝色	legacy
221	c4015	水越萌	hair_color_family	cyan	blue	legacy
221	c4015	水越萌	work	初音岛	D.C.～ダ・カーポ～	legacy
224	c4024	月城爱丽丝	cv	松来未祐	萩原 えみこ	legacy
224	c4024	月城爱丽丝	work	初音岛	D.C.～ダ・カーポ～	legacy
225	c4025	彩珠菜菜子	cv	堀江由衣	智芭 みどり	legacy
225	c4025	彩珠菜菜子	hair_color	绿色	蓝色	legacy
225	c4025	彩珠菜菜子	hair_color_family	green	blue	legacy
225	c4025	彩珠菜菜子	work	初音岛	D.C.～ダ・カーポ～	legacy
547	c4058	艾西亚	cv	桜ちとせ	宮崎 羽衣	legacy
547	c4058	艾西亚	work	初音岛II	D.C.II ～ダ・カーポII～	legacy
543	c4051	天枷美夏	cv	かがみありす	かがみ ありす	legacy
543	c4051	天枷美夏	work	初音岛II	D.C.II ～ダ・カーポII～	legacy
548	c4059	樱内义之	cv	皇帝	皇 帝	legacy
548	c4059	樱内义之	work	初音岛II	D.C.II ～ダ・カーポII～	legacy
202	c8395	图斯库尔	cv	大原さやか	大原 さやか	legacy
202	c8395	图斯库尔	company	Leaf	AQUAPLUS	legacy
204	c8397	藤香	cv	三宅華也	三宅 華也	legacy
204	c8397	藤香	hair_color	紫色	蓝色	legacy
204	c8397	藤香	hair_color_family	purple	blue	legacy
204	c8397	藤香	company	Leaf	AQUAPLUS	legacy
205	c8384	胧	cv	浪川大輔	桐井 大介	legacy
205	c8384	胧	company	Leaf	AQUAPLUS	legacy
206	c415	柚叶	cv	中原麻衣	中原 麻衣	legacy
206	c415	柚叶	company	Leaf	AQUAPLUS	legacy
208	c37803	阿托伊	cv	原由実	原 由実	legacy
208	c37803	阿托伊	company	Aquaplus	AQUAPLUS	legacy
209	c37800	乌露露	cv	佐倉綾音	佐倉 綾音	legacy
209	c37800	乌露露	hair_color	白色	灰色	legacy
209	c37800	乌露露	hair_color_family	white	gray	legacy
209	c37800	乌露露	company	Aquaplus	AQUAPLUS	legacy
417	c414	卡谬	cv	釘宮理恵	釘宮 理恵	legacy
417	c414	卡谬	hair_color	灰色	红色	legacy
417	c414	卡谬	hair_color_family	gray	red	legacy
417	c414	卡谬	company	Leaf	AQUAPLUS	legacy
424	c8387	贝纳威	cv	浪川大輔	浪川 大輔	legacy
424	c8387	贝纳威	company	Leaf	AQUAPLUS	legacy
425	c8388	克罗	cv	小山剛志	小山 剛志	legacy
425	c8388	克罗	company	Leaf	AQUAPLUS	legacy
319	c68283	加藤羽未	cv	田中あいみ	田中 あいみ	legacy
319	c68283	加藤羽未	hair_color	紫色	黑色	legacy
319	c68283	加藤羽未	hair_color_family	purple	black	legacy
84	c5318	向坂环	cv	伊藤静	伊藤 静	legacy
84	c5318	向坂环	hair_color	红色	棕色	legacy
84	c5318	向坂环	hair_color_family	red	brown	legacy
84	c5318	向坂环	company	Leaf	AQUAPLUS	legacy
87	c15063	姬百合珊瑚	cv	川瀬ゆう子	石塚 さより	legacy
87	c15063	姬百合珊瑚	company	Leaf	AQUAPLUS	legacy
88	c15068	久寿川莎莎拉	cv	小野涼子	小野 涼子	legacy
88	c15068	久寿川莎莎拉	hair_color	银白	金色	legacy
88	c15068	久寿川莎莎拉	hair_color_family	white	blond	legacy
88	c15068	久寿川莎莎拉	company	Leaf	AQUAPLUS	legacy
217	c15062	柚原木实	cv	力丸乃りこ	力丸 乃りこ	legacy
217	c15062	柚原木实	company	Leaf	AQUAPLUS	legacy
397	c5317	十波由真	cv	生天目仁美	生天目 仁美	legacy
397	c5317	十波由真	company	Leaf	AQUAPLUS	legacy
398	c5319	笹森花梨	cv	中島沙樹	中島 沙樹	legacy
398	c5319	笹森花梨	company	Leaf	AQUAPLUS	legacy
401	c15066	草壁优季	cv	佐藤利奈	佐藤 利奈	legacy
401	c15066	草壁优季	company	Leaf	AQUAPLUS	legacy
195	c200	右代宫金蔵	hair_color	白色	黑色	legacy
195	c200	右代宫金蔵	hair_color_family	white	black	legacy
188	c3826	知惠留美子	cv	折笠富美子	折笠 富美子	legacy
188	c3826	知惠留美子	work	寒蝉鸣泣之时	ひぐらしの哭く頃に 雀	legacy
188	c3826	知惠留美子	company	07th Expansion	株式会社AQインタラクティブ	legacy
188	c3826	知惠留美子	release_year	2002	2009	legacy
701	c578	橘千鹤	cv	まきいづみ	まき いづみ	legacy
701	c578	橘千鹤	work	灰色的果实	灰色的果实 -LE FRUIT DE LA GRISAIA-	legacy
701	c578	橘千鹤	release_year	2011	2010	legacy
703	c581	日下部麻子	cv	かわしまりの	かわしま りの	legacy
703	c581	日下部麻子	work	灰色的果实	灰色的迷宫	legacy
599	c520	菲奥奈·希尔瓦利亚	cv	橘桜	橘 桜	legacy
599	c520	菲奥奈·希尔瓦利亚	company	August	オーガスト	legacy
599	c520	菲奥奈·希尔瓦利亚	release_year	2011	2010	legacy
601	c531	莉西娅·德·诺瓦斯·尤利	cv	海老原柚葉	海老原 柚葉	legacy
601	c531	莉西娅·德·诺瓦斯·尤利	company	August	オーガスト	legacy
601	c531	莉西娅·德·诺瓦斯·尤利	release_year	2011	2010	legacy
366	c67	匂坂郁纪	company	Nitroplus	あそべる！ ＢＤゲーム	legacy
367	c68	户尾耕司	cv	片岡大二郎	片岡 大二郎	legacy
367	c68	户尾耕司	company	Nitroplus	あそべる！ ＢＤゲーム	legacy
369	c70	津久叶瑶	cv	矢沢泉	矢沢 泉	legacy
369	c70	津久叶瑶	company	Nitroplus	あそべる！ ＢＤゲーム	legacy
370	c71	丹保凉子	cv	佐藤まこと	佐藤 まこと	legacy
370	c71	丹保凉子	hair_color	绿色	棕色	legacy
370	c71	丹保凉子	hair_color_family	green	brown	legacy
370	c71	丹保凉子	company	Nitroplus	あそべる！ ＢＤゲーム	legacy
182	c88	干有彦	cv	鳥海浩輔	未知	legacy
182	c88	干有彦	hair_color	红色	黑色	legacy
182	c88	干有彦	hair_color_family	red	black	legacy
182	c88	干有彦	work	月姬	月姫	legacy
182	c88	干有彦	release_year	2000	1999	legacy
57	c36	卫宫	cv	諏訪部順一	諏訪部 順一	legacy
57	c36	卫宫	hair_color	白色	灰色	legacy
57	c36	卫宫	hair_color_family	white	gray	legacy
57	c36	卫宫	release_year	2004	2003	legacy
47	c16860	日向秀树	cv	木村良平	木村 良平	legacy
47	c16860	日向秀树	work	Angel Beats! (1st Beat)	Angel Beats! -1st beat-	legacy
14	c478	古河渚	cv	中原麻衣	中原 麻衣	legacy
20	c476	冈崎朋也	cv	中村悠一	未知	legacy
15	c488	坂上智代	cv	桑島法子	桑島 法子	legacy
15	c488	坂上智代	hair_color	银蓝	蓝色	legacy
15	c488	坂上智代	hair_color_family	gray	blue	legacy
25	c201	枣恭介	cv	緑川光	緑川 光	legacy
43	c16859	立华奏	cv	花澤香菜	花澤 香菜	legacy
43	c16859	立华奏	hair_color	银白	白色	legacy
43	c16859	立华奏	work	Angel Beats! (1st Beat)	Angel Beats! -1st beat-	legacy
331	c55091	鸣濑白羽	cv	小原好美	小原 好美	legacy
331	c55091	鸣濑白羽	hair_color	白色	蓝色	legacy
331	c55091	鸣濑白羽	hair_color_family	white	blue	legacy
171	c55093	空门苍	cv	高森奈津美	高森 奈津美	legacy
52	c55094	䌷·文德斯	cv	岩井映美里	岩井 映美里	legacy
27	c1867	能美库特莉亚芙卡	cv	若林直美	金子 明美	legacy
27	c1867	能美库特莉亚芙卡	hair_color	银白	蓝色	legacy
27	c1867	能美库特莉亚芙卡	hair_color_family	white	blue	legacy
1	c9995	神尾观铃	cv	川上とも子	川上 とも子	legacy
31	c1863	枣铃	cv	たみやすともえ	田宮 トモエ	legacy
26	c1865	神北小毬	cv	やなせなつみ	未知	legacy
26	c1865	神北小毬	work	Little Busters!	リトルバスターズ！ＳＳ	legacy
26	c1865	神北小毬	release_year	2007	2012	legacy
160	c15867	冈崎汐	cv	川澄綾子	こおろぎ さとみ	legacy
11	c2932	美坂栞	cv	小西寛子	小西 寛子	legacy
45	c16286	由依	cv	喜多村英梨	喜多村 英梨	legacy
45	c16286	由依	work	Angel Beats! (1st Beat)	Angel Beats! -1st beat-	legacy
17	c501	伊吹风子	cv	野中藍	野中 藍	legacy
17	c501	伊吹风子	hair_color	黑色	绿色	legacy
17	c501	伊吹风子	hair_color_family	black	green	legacy
18	c537	藤林杏	cv	広橋涼	広橋 涼	legacy
16	c190	一之濑琴美	cv	能登麻美子	能登 麻美子	legacy
21	c4941	春原阳平	cv	阪口大助	阪口 大助	legacy
21	c4941	春原阳平	hair_color	金色	黑色	legacy
21	c4941	春原阳平	hair_color_family	blond	black	legacy
21	c4941	春原阳平	work	CLANNAD	CLANNAD - 被光守望着的坡道	legacy
21	c4941	春原阳平	release_year	2004	2008	legacy
36	c267	天王寺瑚太朗	cv	森田成一	森田 成一	legacy
36	c267	天王寺瑚太朗	work	Rewrite	Rewrite 超自研活动记录外传	legacy
36	c267	天王寺瑚太朗	release_year	2011	2016	legacy
4	c9990	国崎往人	cv	小野大輔	緑川 光	legacy
4	c9990	国崎往人	hair_color	灰色	白色	legacy
4	c9990	国崎往人	hair_color_family	gray	white	legacy
2	c9991	雾岛佳乃	cv	岡本麻弥	岡本 麻見	legacy
3	c9993	远野美凪	cv	柚木涼香	柚木 涼香	legacy
6	c2927	月宫亚由	cv	堀江由衣	堀江 由衣	legacy
7	c2928	水濑名雪	cv	國府田マリ子	國府田 マリ子	legacy
8	c2930	泽渡真琴	cv	飯塚雅弓	飯塚 雅弓	legacy
8	c2930	泽渡真琴	hair_color	橙色	蓝色	legacy
8	c2930	泽渡真琴	hair_color_family	orange	blue	legacy
9	c2936	川澄舞	cv	久川綾	田村 ゆかり	legacy
10	c2937	相泽祐一	cv	杉田智和	杉田 智和	legacy
24	c192	直枝理树	cv	堀江由衣	田宮 トモエ	legacy
32	c1874	来谷唯湖	cv	田中涼子	田中 涼子	legacy
29	c1864	三枝叶留佳	cv	すずきけいこ	すずき けいこ	legacy
29	c1864	三枝叶留佳	hair_color	紫色	蓝色	legacy
29	c1864	三枝叶留佳	hair_color_family	purple	blue	legacy
28	c1873	西园美鱼	cv	河原木志穂	荒井 悠美	legacy
161	c1875	朱鹭户沙耶	cv	田村ゆかり	風音	legacy
35	c194	宫泽谦吾	cv	織田優成	織田 優成	legacy
34	c193	井之原真人	cv	神奈延年	神奈 延年	legacy
39	c5418	篝	cv	花澤香菜	花澤 香菜	legacy
39	c5418	篝	hair_color	银色	紫色	legacy
39	c5418	篝	hair_color_family	white	purple	legacy
39	c5418	篝	release_year	2011	2010	legacy
38	c272	千里朱音	cv	喜多村英梨	喜多村 英梨	legacy
38	c272	千里朱音	release_year	2011	2010	legacy
40	c270	中津静流	cv	すずきけいこ	すずき けいこ	legacy
40	c270	中津静流	release_year	2011	2010	legacy
41	c302	此花露西娅	cv	朝樹りさ	朝樹 りさ	legacy
41	c302	此花露西娅	hair_color	紫色	黑色	legacy
41	c302	此花露西娅	hair_color_family	purple	black	legacy
41	c302	此花露西娅	work	Rewrite	Rewrite 超自研活动记录外传	legacy
41	c302	此花露西娅	release_year	2011	2016	legacy
42	c303	凤千早	cv	篠宮沙弥	篠宮 沙弥	legacy
42	c303	凤千早	hair_color	橙色	蓝色	legacy
42	c303	凤千早	hair_color_family	orange	blue	legacy
42	c303	凤千早	work	Rewrite	Rewrite 超自研活动记录外传	legacy
42	c303	凤千早	release_year	2011	2016	legacy
51	c55092	久岛鸥	cv	嶺内ともみ	嶺内 ともみ	legacy
316	c55090	鹰原羽依里	cv	千葉翔也	千葉 翔也	legacy
37	c241	神户小鸟	cv	斎藤千和	斎藤 千和	legacy
37	c241	神户小鸟	release_year	2011	2010	legacy
46	c16857	音无结弦	cv	神谷浩史	神谷 浩史	legacy
46	c16857	音无结弦	hair_color	橙色	红色	legacy
46	c16857	音无结弦	hair_color_family	orange	red	legacy
46	c16857	音无结弦	work	Angel Beats! (1st Beat)	Angel Beats! -1st beat-	legacy
44	c16858	仲村由理	cv	櫻井浩美	櫻井 浩美	legacy
44	c16858	仲村由理	work	Angel Beats! (1st Beat)	Angel Beats! -1st beat-	legacy
48	c16284	岩泽	cv	澤城みゆき	沢城 みゆき	legacy
48	c16284	岩泽	work	Angel Beats! (1st Beat)	Angel Beats! -1st beat-	legacy
49	c441	星野梦美	cv	すずきけいこ	すずき けいこ	legacy
49	c441	星野梦美	hair_color	浅蓝	蓝色	legacy
49	c441	星野梦美	work	planetarian ～星之梦～	planetarian～小小的星之梦～	legacy
5	c17376	神奈备命	cv	西村ちなみ	西村 ちなみ	legacy
53	c33	阿尔托莉雅·潘德拉贡	cv	川澄綾子	川澄 綾子	legacy
53	c33	阿尔托莉雅·潘德拉贡	release_year	2004	2003	legacy
54	c34	远坂凛	cv	植田佳奈	植田 佳奈	legacy
54	c34	远坂凛	release_year	2004	2003	legacy
56	c15	卫宫士郎	cv	杉山紀彰	杉山 紀彰	legacy
56	c15	卫宫士郎	release_year	2004	2003	legacy
55	c35	间桐樱	cv	下屋則子	下屋 則子	legacy
55	c35	间桐樱	release_year	2004	2003	legacy
59	c37	伊莉雅丝菲尔·冯·爱因兹贝伦	cv	門脇舞以	門脇 舞以	legacy
59	c37	伊莉雅丝菲尔·冯·爱因兹贝伦	hair_color	白色	红色	legacy
59	c37	伊莉雅丝菲尔·冯·爱因兹贝伦	hair_color_family	white	red	legacy
59	c37	伊莉雅丝菲尔·冯·爱因兹贝伦	release_year	2004	2003	legacy
64	c42	言峰绮礼	cv	中田譲治	中田 譲治	legacy
64	c42	言峰绮礼	hair_color	黑色	棕色	legacy
64	c42	言峰绮礼	hair_color_family	black	brown	legacy
64	c42	言峰绮礼	release_year	2004	2003	legacy
62	c38	库·丘林	cv	神奈延年	神奈 延年	legacy
62	c38	库·丘林	hair_color	蓝色	红色	legacy
62	c38	库·丘林	hair_color_family	blue	red	legacy
62	c38	库·丘林	work	Fate/stay night	Fate/hollow ataraxia	legacy
62	c38	库·丘林	release_year	2004	2005	legacy
179	c96619	卫宫切嗣	cv	小山力也	未知	legacy
179	c96619	卫宫切嗣	work	Fate/stay night	Fate/Zero The Adventure	legacy
179	c96619	卫宫切嗣	company	TYPE-MOON	株式会社ポッケ	legacy
179	c96619	卫宫切嗣	release_year	2004	2013	legacy
70	c72	远野志贵	cv	野島健児	未知	legacy
70	c72	远野志贵	work	月姬	月姫	legacy
70	c72	远野志贵	release_year	2000	1999	legacy
68	c74	爱尔奎特·布伦史塔德	cv	柚木涼香	未知	legacy
68	c74	爱尔奎特·布伦史塔德	work	月姬	月姫	legacy
68	c74	爱尔奎特·布伦史塔德	release_year	2000	1999	legacy
69	c75	希耶尔	cv	佐久間紅美	未知	legacy
69	c75	希耶尔	work	月姬	月姫	legacy
69	c75	希耶尔	release_year	2000	1999	legacy
73	c78	远野秋叶	cv	根谷美智子	未知	legacy
73	c78	远野秋叶	work	月姬	月姫	legacy
73	c78	远野秋叶	release_year	2000	1999	legacy
72	c80	琥珀	cv	高野直子	未知	legacy
72	c80	琥珀	work	月姬	月姫	legacy
72	c80	琥珀	release_year	2000	1999	legacy
71	c81	翡翠	cv	松来未祐	未知	legacy
71	c81	翡翠	work	月姬	月姫	legacy
71	c81	翡翠	release_year	2000	1999	legacy
181	c87	莲	cv	水橋かおり	未知	legacy
181	c87	莲	hair_color	蓝色	红色	legacy
181	c87	莲	hair_color_family	blue	red	legacy
181	c87	莲	work	月姬	歌月十夜	legacy
181	c87	莲	release_year	2000	2001	legacy
65	c3931	苍崎青子	cv	戸松遥	戸松 遥	legacy
65	c3931	苍崎青子	company	TYPE-MOON	HuneX	legacy
65	c3931	苍崎青子	release_year	2012	2011	legacy
66	c3928	久远寺有珠	cv	花澤香菜	花澤 香菜	legacy
66	c3928	久远寺有珠	company	TYPE-MOON	HuneX	legacy
66	c3928	久远寺有珠	release_year	2012	2011	legacy
67	c3929	静希草十郎	cv	梶裕貴	小林 裕介	legacy
67	c3929	静希草十郎	company	TYPE-MOON	HuneX	legacy
67	c3929	静希草十郎	release_year	2012	2011	legacy
346	c5838	苍崎橙子	cv	青木瑠璃子	青木 瑠璃子	legacy
346	c5838	苍崎橙子	company	TYPE-MOON	HuneX	legacy
346	c5838	苍崎橙子	release_year	2012	2011	legacy
75	c6487	牧濑红莉栖	cv	今井麻美	今井 麻美	legacy
75	c6487	牧濑红莉栖	hair_color	红色	棕色	legacy
75	c6487	牧濑红莉栖	hair_color_family	red	brown	legacy
75	c6487	牧濑红莉栖	work	STEINS;GATE	命运石之门	legacy
77	c6498	冈部伦太郎	cv	宮野真守	宮野 真守	legacy
77	c6498	冈部伦太郎	work	STEINS;GATE	命运石之门	legacy
80	c6492	阿万音铃羽	cv	田村ゆかり	田村 ゆかり	legacy
80	c6492	阿万音铃羽	work	STEINS;GATE	命运石之门	legacy
76	c6491	椎名真由理	cv	花澤香菜	花澤 香菜	legacy
76	c6491	椎名真由理	work	STEINS;GATE	命运石之门	legacy
81	c6493	桥田至	cv	関智一	関 智一	legacy
81	c6493	桥田至	work	STEINS;GATE	命运石之门	legacy
78	c6494	菲利斯·喵喵	cv	桃井はるこ	桃井 はるこ	legacy
78	c6494	菲利斯·喵喵	work	STEINS;GATE	命运石之门	legacy
79	c6497	漆原琉华	cv	小林ゆう	小林 ゆう	legacy
79	c6497	漆原琉华	work	STEINS;GATE	命运石之门	legacy
185	c6495	天王寺裕吾	cv	石丸博也	てらそま まさき	legacy
185	c6495	天王寺裕吾	hair_length	短发	未知	legacy
185	c6495	天王寺裕吾	work	STEINS;GATE	命运石之门 线性拘束的表征图	legacy
185	c6495	天王寺裕吾	release_year	2009	2013	legacy
186	c15469	天王寺绹	cv	谷井あすか	山本 彩乃	legacy
186	c15469	天王寺绹	hair_color	棕色	紫色	legacy
186	c15469	天王寺绹	hair_color_family	brown	purple	legacy
186	c15469	天王寺绹	work	STEINS;GATE	命运石之门 线性拘束的表征图	legacy
186	c15469	天王寺绹	release_year	2009	2013	legacy
97	c12973	冬马和纱	cv	生天目仁美	生天目 仁美	legacy
97	c12973	冬马和纱	work	WHITE ALBUM 2	白色相簿2	legacy
97	c12973	冬马和纱	company	Leaf	AQUAPLUS	legacy
96	c10973	小木曾雪菜	cv	米澤円	米澤 円	legacy
96	c10973	小木曾雪菜	work	WHITE ALBUM 2	白色相簿2	legacy
96	c10973	小木曾雪菜	company	Leaf	AQUAPLUS	legacy
98	c12978	北原春希	cv	水島大宙	水島 大宙	legacy
98	c12978	北原春希	work	WHITE ALBUM 2	白色相簿2	legacy
98	c12978	北原春希	company	Leaf	AQUAPLUS	legacy
99	c12974	和泉千晶	cv	竹達彩奈	羽吹 梨里	legacy
99	c12974	和泉千晶	work	WHITE ALBUM 2	白色相簿2	legacy
99	c12974	和泉千晶	company	Leaf	AQUAPLUS	legacy
210	c12975	杉浦小春	cv	米澤円	永田 依子	legacy
210	c12975	杉浦小春	work	WHITE ALBUM 2	白色相簿2	legacy
210	c12975	杉浦小春	company	Leaf	AQUAPLUS	legacy
211	c12976	风冈麻理	cv	生天目仁美	浅川 悠	legacy
211	c12976	风冈麻理	work	WHITE ALBUM 2	白色相簿2	legacy
211	c12976	风冈麻理	company	Leaf	AQUAPLUS	legacy
628	c96	白银武	cv	笹本優子	笹本 優子	legacy
628	c96	白银武	company	âge	アージュ	legacy
628	c96	白银武	release_year	2003	2002	legacy
645	c177	鉴纯夏	cv	栗林みな実	栗林 みな実	legacy
645	c177	鉴纯夏	hair_color	白色	灰色	legacy
645	c177	鉴纯夏	hair_color_family	white	gray	legacy
645	c177	鉴纯夏	work	Muv-Luv	マブラヴ　オルタネイティヴ	legacy
645	c177	鉴纯夏	company	âge	アージュ	legacy
645	c177	鉴纯夏	release_year	2003	2006	legacy
219	c104	御剑冥夜	cv	奥島和美	奥田 秋	legacy
219	c104	御剑冥夜	company	âge	アージュ	legacy
219	c104	御剑冥夜	release_year	2003	2002	legacy
631	c123	彩峰慧	cv	吉野なつき	吉野 なつき	legacy
631	c123	彩峰慧	company	âge	アージュ	legacy
631	c123	彩峰慧	release_year	2003	2002	legacy
220	c115	榊千鹤	cv	友永朱音	高柳 香帆	legacy
220	c115	榊千鹤	company	âge	アージュ	legacy
220	c115	榊千鹤	release_year	2003	2002	legacy
633	c130	珠濑壬姬	cv	北都南	北都 南	legacy
633	c130	珠濑壬姬	hair_color	粉色	绿色	legacy
633	c130	珠濑壬姬	hair_color_family	pink	green	legacy
633	c130	珠濑壬姬	company	âge	アージュ	legacy
633	c130	珠濑壬姬	release_year	2003	2002	legacy
119	c150	篁唯依	cv	名塚佳織	中原 麻衣	legacy
119	c150	篁唯依	hair_color	黑色	棕色	legacy
119	c150	篁唯依	hair_color_family	black	brown	legacy
119	c150	篁唯依	work	Muv-Luv Alternative	マブラヴ オルタネイティヴ トータル・イクリプス	legacy
119	c150	篁唯依	company	âge	MAGES.	legacy
119	c150	篁唯依	release_year	2006	2007	legacy
126	c3786	前原圭一	cv	保志総一朗	保志 総一朗	legacy
126	c3786	前原圭一	work	寒蝉鸣泣之时	寒蝉鸣泣之时 出题篇	legacy
125	c3787	龙宫礼奈	cv	中原麻衣	中原 麻衣	legacy
125	c3787	龙宫礼奈	hair_color	橙色	蓝色	legacy
125	c3787	龙宫礼奈	hair_color_family	orange	blue	legacy
125	c3787	龙宫礼奈	work	寒蝉鸣泣之时	寒蝉鸣泣之时解	legacy
125	c3787	龙宫礼奈	release_year	2002	2004	legacy
127	c3788	园崎魅音	cv	雪野五月	雪野 五月	legacy
127	c3788	园崎魅音	work	寒蝉鸣泣之时	寒蝉鸣泣之时 出题篇	legacy
128	c3814	园崎诗音	cv	雪野五月	雪野 五月	legacy
128	c3814	园崎诗音	work	寒蝉鸣泣之时	寒蝉鸣泣之时解	legacy
128	c3814	园崎诗音	release_year	2002	2004	legacy
129	c3790	古手梨花	cv	田村ゆかり	田村 ゆかり	legacy
129	c3790	古手梨花	work	寒蝉鸣泣之时	寒蝉鸣泣之时解	legacy
129	c3790	古手梨花	release_year	2002	2004	legacy
130	c3789	北条沙都子	cv	かないみか	かない みか	legacy
130	c3789	北条沙都子	work	寒蝉鸣泣之时	寒蝉鸣泣之时 出题篇	legacy
131	c3817	羽入	cv	堀江由衣	堀江 由衣	legacy
131	c3817	羽入	hair_color	白色	红色	legacy
131	c3817	羽入	hair_color_family	white	red	legacy
131	c3817	羽入	work	寒蝉鸣泣之时	ひぐらしのなく頃に: Console Arcs	legacy
131	c3817	羽入	release_year	2002	2007	legacy
193	c3861	鹰野三四	cv	伊藤美紀	伊藤 美紀	legacy
193	c3861	鹰野三四	work	寒蝉鸣泣之时	寒蝉鸣泣之时解	legacy
193	c3861	鹰野三四	release_year	2002	2004	legacy
192	c3848	富竹次郎	cv	川本成	大川 透	legacy
192	c3848	富竹次郎	work	寒蝉鸣泣之时	寒蝉鸣泣之时解	legacy
192	c3848	富竹次郎	release_year	2002	2004	legacy
190	c3828	入江京介	cv	関俊彦	関 俊彦	legacy
190	c3828	入江京介	work	寒蝉鸣泣之时	寒蝉鸣泣之时解	legacy
190	c3828	入江京介	release_year	2002	2004	legacy
191	c3829	大石藏人	work	寒蝉鸣泣之时	寒蝉鸣泣之时 出题篇	legacy
132	c3813	赤坂卫	cv	子安武人	小野 大輔	legacy
132	c3813	赤坂卫	work	寒蝉鸣泣之时	寒蝉鸣泣之时 出题篇	legacy
133	c196	右代宫战人	cv	小野大輔	小野 大輔	legacy
134	c1340	贝阿朵莉切	cv	大原さやか	大原 さやか	legacy
135	c13708	右代宫缘寿	cv	佐藤利奈	佐藤 利奈	legacy
136	c197	右代宫朱志香	cv	井上麻里奈	井上 麻里奈	legacy
194	c198	右代宫让治	cv	鈴村健一	鈴村 健一	legacy
795	c13709	古户绘梨花	cv	桑谷夏子	桑谷 夏子	legacy
795	c13709	古户绘梨花	work	海猫鸣泣之时	海猫鸣泣之时散	legacy
197	c205	嘉音	cv	小林ゆう	小林 ゆう	legacy
196	c202	纱音	cv	釘宮理恵	釘宮 理恵	legacy
137	c199	玛利亚	cv	堀江由衣	堀江 由衣	legacy
82	c66	沙耶	cv	川村みどり	川村 みどり	legacy
82	c66	沙耶	hair_color	白色	绿色	legacy
82	c66	沙耶	hair_color_family	white	green	legacy
82	c66	沙耶	company	Nitroplus	あそべる！ ＢＤゲーム	legacy
598	c515	凯伊姆·阿斯托利亚	cv	大石恵三	大石 恵三	legacy
598	c515	凯伊姆·阿斯托利亚	company	August	オーガスト	legacy
598	c515	凯伊姆·阿斯托利亚	release_year	2011	2010	legacy
597	c514	尤斯蒂娅·阿斯托利亚	cv	森保しほ	森保 しほ	legacy
597	c514	尤斯蒂娅·阿斯托利亚	hair_color	粉色	紫色	legacy
597	c514	尤斯蒂娅·阿斯托利亚	hair_color_family	pink	purple	legacy
597	c514	尤斯蒂娅·阿斯托利亚	company	August	オーガスト	legacy
597	c514	尤斯蒂娅·阿斯托利亚	release_year	2011	2010	legacy
114	c524	艾莉丝·弗萝拉莉亚	cv	南條愛乃	篠宮 聖美	legacy
114	c524	艾莉丝·弗萝拉莉亚	company	August	オーガスト	legacy
114	c524	艾莉丝·弗萝拉莉亚	release_year	2011	2010	legacy
123	c567	风见雄二	cv	櫻井孝宏	未知	legacy
123	c567	风见雄二	work	灰色的果实	灰色的果实 -LE FRUIT DE LA GRISAIA-	legacy
123	c567	风见雄二	release_year	2011	2010	legacy
697	c569	榊由美子	cv	一色ヒカル	一色 ヒカル	legacy
697	c569	榊由美子	work	灰色的果实	灰色的果实 -LE FRUIT DE LA GRISAIA-	legacy
697	c569	榊由美子	release_year	2011	2010	legacy
218	c568	周防天音	cv	清水愛	雪見 そら	legacy
218	c568	周防天音	hair_color	酒红	蓝色	legacy
218	c568	周防天音	hair_color_family	red	blue	legacy
218	c568	周防天音	work	灰色的果实	灰色的果实 -LE FRUIT DE LA GRISAIA-	legacy
218	c568	周防天音	release_year	2011	2010	legacy
698	c571	松岛满	cv	羽仁麗	羽仁 麗	legacy
698	c571	松岛满	work	灰色的果实	灰色的果实 -LE FRUIT DE LA GRISAIA-	legacy
698	c571	松岛满	release_year	2011	2010	legacy
700	c577	入巢莳菜	cv	民安ともえ	民安 ともえ	legacy
700	c577	入巢莳菜	work	灰色的果实	灰色的果实 -LE FRUIT DE LA GRISAIA-	legacy
700	c577	入巢莳菜	release_year	2011	2010	legacy
699	c576	小岭幸	cv	岡村美佳沙	岡村 美佳沙	legacy
699	c576	小岭幸	hair_color	粉色	蓝色	legacy
699	c576	小岭幸	hair_color_family	pink	blue	legacy
699	c576	小岭幸	work	灰色的果实	灰色的果实 -LE FRUIT DE LA GRISAIA-	legacy
699	c576	小岭幸	release_year	2011	2010	legacy
124	c580	风见一姬	cv	水橋かおり	青山 ゆかり	legacy
124	c580	风见一姬	hair_color	白色	紫色	legacy
124	c580	风见一姬	hair_color_family	white	purple	legacy
124	c580	风见一姬	release_year	2012	2011	legacy
702	c579	春寺由梨亚	cv	楠鈴音	楠 鈴音	legacy
702	c579	春寺由梨亚	work	灰色的果实	灰色的迷宫	legacy
92	c411	哈克奥罗	cv	小山力也	小山 力也	legacy
92	c411	哈克奥罗	company	Leaf	AQUAPLUS	legacy
89	c412	艾露露	cv	柚木涼香	柚木 涼香	legacy
89	c412	艾露露	company	Leaf	AQUAPLUS	legacy
90	c413	阿露露	cv	沢城みゆき	沢城 みゆき	legacy
90	c413	阿露露	company	Leaf	AQUAPLUS	legacy
203	c8396	卡露拉	cv	田中敦子	田中 敦子	legacy
203	c8396	卡露拉	company	Leaf	AQUAPLUS	legacy
93	c37789	久远	cv	種田梨沙	種田 梨沙	legacy
93	c37789	久远	company	Aquaplus	AQUAPLUS	legacy
95	c37791	哈克	cv	藤原啓治	藤原 啓治	legacy
95	c37791	哈克	company	Aquaplus	AQUAPLUS	legacy
94	c37792	猫音	cv	水瀬いのり	水瀬 いのり	legacy
94	c37792	猫音	company	Aquaplus	AQUAPLUS	legacy
207	c37790	露露缇耶	cv	早見沙織	加隈 亜衣	legacy
207	c37790	露露缇耶	company	Aquaplus	AQUAPLUS	legacy
143	c51035	新海天	cv	種﨑敦美	沢澤 砂羽	legacy
143	c51035	新海天	hair_color	白色	紫色	legacy
143	c51035	新海天	hair_color_family	white	purple	legacy
143	c51035	新海天	company	PALETTE	ぱれっと	legacy
144	c51034	香坂春风	cv	山岡ゆり	渚 しろな	legacy
144	c51034	香坂春风	work	9-nine-春色春恋春熙风	9-nine-天色天歌天籁音	legacy
144	c51034	香坂春风	company	PALETTE	ぱれっと	legacy
144	c51034	香坂春风	release_year	2019	2018	legacy
145	c51036	结城希亚	cv	藤田茜	夏和小	legacy
145	c51036	结城希亚	work	9-nine-雪色雪花雪之痕	9-nine-天色天歌天籁音	legacy
145	c51036	结城希亚	company	PALETTE	ぱれっと	legacy
145	c51036	结城希亚	release_year	2020	2018	legacy
142	c51033	九条都	cv	福圓美里	澤田 なつ	legacy
142	c51033	九条都	hair_color	亚麻色	棕色	legacy
142	c51033	九条都	company	PALETTE	ぱれっと	legacy
83	c5875	神岸明	cv	日々野晴子	未知	legacy
83	c5875	神岸明	work	ToHeart	To Heart	legacy
172	c68282	水织静久	cv	佐藤利奈	小山 さほみ	legacy
